Amazon Title,Amazon Price,Amazon URL,Amazon Image,Flipkart Title,Flipkart Price,Flipkart URL,Flipkart Image,Myntra Title,Myntra Price,Myntra URL,Myntra Image
Tommy Hilfiger Men's Non-Polarized Metal Aviator Sunglasses,"₹5,129",https://www.amazon.in/Tommy-Hilfiger-Gradient-Aviator-Sunglasses/dp/B0BZVM5J6Z/ref=sr_1_30?crid=1312APGC0MB0F&dib=eyJ2IjoiMSJ9.ImqPwkR35Vi5gy3-_lgjlYw3EHV2Kt5niSvA1Clg9xBFThpaHTwrv3u6Vyh2FP3H9lirNa88fZ8l9Ub3V4PgeMnZWEDkHna8S_nh-WJwcMBIu7pNUXXaslDd_y1Up3qa5SqmNpThr3nY2uLlxptitHsLLSV4bYENSIqdIiiH2T02T13e4O2zIg5-DZa61upj8K5qH1F_gL-GDy-aQDv_rIuX_0vKD-gmgZFG4PwrUKnPANPeXzWBkoR-0qXBJqZFkGxbUEOAJf6uGsANMbKSZKQYDwy9iJPu_BJEM2uZvIw.3pSEnRCzRzIGzf9hmFL0sFB4UVILsfCOBqptbGD2RbA&dib_tag=se&keywords=Tommy+Hilfiger+sunglasses&nsdOptOutParam=true&qid=1744923746&refinements=p_123%3A232763&rnid=91049095031&s=apparel&sprefix=tommy+hilfige+sunglasses%2Capparel%2C290&sr=1-30,https://m.media-amazon.com/images/I/312neGO6FUL._SX342_SY445_.jpg,"Tommy Hilfiger Polarized Aviator Sunglasses (59)  (For Men & Women, Grey)","₹6,490",https://www.flipkart.com/tommy-hilfiger-aviator-sunglasses/p/itm200ee40a76850?pid=SGLGZBZQNN6UZZT6&lid=LSTSGLGZBZQNN6UZZT6ISEH4P&marketplace=FLIPKART&q=tommy+hilfiger+sunglasses+&store=26x&srno=s_1_22&otracker=search&otracker1=search&fm=organic&iid=03418ec7-f1c4-4d47-ad5b-c7847a9aa3e2.SGLGZBZQNN6UZZT6.SEARCH&ppt=None&ppn=None&ssid=zuwjl8ve1s0000001745049813855&qH=3bfbf1356aa2161d,https://rukminim2.flixcart.com/image/832/832/xif0q/sunglass/l/h/p/na-59-th-1551pl-c1-59-tommy-hilfiger-original-imagzbzqafyvwchk.jpeg?q=70&crop=false,Tommy Hilfiger Men Aviator Sunglasses with Polarised Lens,Rs. 6392,https://www.myntra.com/sunglasses/tommy+hilfiger/tommy-hilfiger-men-aviator-sunglasses-with-polarised-lens/31797478/buy,"https://assets.myntassets.com/dpr_2,q_60,w_210,c_limit,fl_progressive/assets/images/2024/NOVEMBER/30/BGvPrHlr_6904b221ea4542e398818f07d8d673b1.jpg"
Tommy Hilfiger Men's Non-Polarized Plastic Rectangular Sunglasses,"₹3,995",https://www.amazon.in/Tommy-Hilfiger-Sunglasses-58-TH-Neil/dp/B09XHVCDM6/ref=sr_1_43?crid=1312APGC0MB0F&dib=eyJ2IjoiMSJ9.ImqPwkR35Vi5gy3-_lgjlYw3EHV2Kt5niSvA1Clg9xBFThpaHTwrv3u6Vyh2FP3H9lirNa88fZ8l9Ub3V4PgeMnZWEDkHna8S_nh-WJwcMBIu7pNUXXaslDd_y1Up3qa5SqmNpThr3nY2uLlxptitHsLLSV4bYENSIqdIiiH2T02T13e4O2zIg5-DZa61upj8K5qH1F_gL-GDy-aQDv_rIuX_0vKD-gmgZFG4PwrUKnPANPeXzWBkoR-0qXBJqZFkGxbUEOAJf6uGsANMbKSZKQYDwy9iJPu_BJEM2uZvIw.3pSEnRCzRzIGzf9hmFL0sFB4UVILsfCOBqptbGD2RbA&dib_tag=se&keywords=Tommy+Hilfiger+sunglasses&nsdOptOutParam=true&qid=1744923746&refinements=p_123%3A232763&rnid=91049095031&s=apparel&sprefix=tommy+hilfige+sunglasses%2Capparel%2C290&sr=1-43,https://m.media-amazon.com/images/I/31sK-QRKv9L._SX342_SY445_.jpg,"Tommy Hilfiger Polarized Rectangular Sunglasses (59)  (For Men & Women, Brown)","₹7,300",https://www.flipkart.com/tommy-hilfiger-rectangular-sunglasses/p/itm407aaccf0dbb8?pid=SGLGZFZSYFMNUJAZ&lid=LSTSGLGZFZSYFMNUJAZIKUBFU&marketplace=FLIPKART&q=tommy+hilfiger+sunglasses+&store=26x&srno=s_1_32&otracker=search&otracker1=search&fm=organic&iid=03418ec7-f1c4-4d47-ad5b-c7847a9aa3e2.SGLGZFZSYFMNUJAZ.SEARCH&ppt=None&ppn=None&ssid=zuwjl8ve1s0000001745049813855&qH=3bfbf1356aa2161d,https://rukminim2.flixcart.com/image/832/832/xif0q/sunglass/y/s/9/59-th-1575pl-c4-59-tommy-hilfiger-original-imagzfzsecxmfdmr.jpeg?q=70&crop=false,Tommy Hilfiger Men Rectangle Sunglasses,Rs. 5033,https://www.myntra.com/sunglasses/tommy+hilfiger/tommy-hilfiger-men-brown-lens-rectangle-sunglasses-with-uv-protected-lens-th-neil-c2-58-s/18063212/buy,"https://assets.myntassets.com/dpr_2,q_60,w_210,c_limit,fl_progressive/assets/images/18063212/2022/4/27/365f63d5-9de4-450d-9eb6-087a4638428f1651082068225TommyHilfigerBrownRectangleSunglassesTHNeilC258S1.jpg"
Tommy Hilfiger Men's Non-Polarized Plastic Rectangular Sunglasses,"₹3,995",https://www.amazon.in/Tommy-Hilfiger-Sunglasses-58-TH-Neil/dp/B09XHVCDM6/ref=sr_1_54?crid=1312APGC0MB0F&dib=eyJ2IjoiMSJ9.bkB2IGK-TC6nubh0Ey5-QAB21G-TtWV1tVZ93m1RaRCUTK1rCewvMkVx8-sSqAGdS7ZUntFWvJNDQCdewBPPfEI_5tlxPi8tY209IQR64OiQ8f5o9JhHdjnSbdbV11JNexXHflEYuZNbwv-9_R7jsEr88ySzeRwlIXJCClcvdRVNk8jJ1EpLZzprQ8hBxwH0e5nIpcMfXJ0mUAhD5RQvpHpu1fEReucWBeS6E0Fwb7OtFDbnzpOIjDQ2fCViXK3p1Mv4uNXVMKQCAQZ82rk6-0OYYg25XzKGaLwM2ewkAkU.LDNqY95v_pyGoagV9mq_GgeQH0wAQX47NBFWOgr_NRw&dib_tag=se&keywords=Tommy+Hilfiger+sunglasses&nsdOptOutParam=true&qid=1744923968&refinements=p_123%3A232763&rnid=91049095031&s=apparel&sprefix=tommy+hilfige+sunglasses%2Capparel%2C290&sr=1-54&xpid=N4ELEjRDip-qW,https://m.media-amazon.com/images/I/31sK-QRKv9L._SX342_SY445_.jpg,"Tommy Hilfiger Polarized Rectangular Sunglasses (59)  (For Men & Women, Brown)","₹7,300",https://www.flipkart.com/tommy-hilfiger-rectangular-sunglasses/p/itm407aaccf0dbb8?pid=SGLGZFZSYFMNUJAZ&lid=LSTSGLGZFZSYFMNUJAZIKUBFU&marketplace=FLIPKART&q=tommy+hilfiger+sunglasses+&store=26x&srno=s_1_32&otracker=search&otracker1=search&fm=organic&iid=03418ec7-f1c4-4d47-ad5b-c7847a9aa3e2.SGLGZFZSYFMNUJAZ.SEARCH&ppt=None&ppn=None&ssid=zuwjl8ve1s0000001745049813855&qH=3bfbf1356aa2161d,https://rukminim2.flixcart.com/image/832/832/xif0q/sunglass/y/s/9/59-th-1575pl-c4-59-tommy-hilfiger-original-imagzfzsecxmfdmr.jpeg?q=70&crop=false,Tommy Hilfiger Men Rectangle Sunglasses,Rs. 5033,https://www.myntra.com/sunglasses/tommy+hilfiger/tommy-hilfiger-men-brown-lens-rectangle-sunglasses-with-uv-protected-lens-th-neil-c2-58-s/18063212/buy,"https://assets.myntassets.com/dpr_2,q_60,w_210,c_limit,fl_progressive/assets/images/18063212/2022/4/27/365f63d5-9de4-450d-9eb6-087a4638428f1651082068225TommyHilfigerBrownRectangleSunglassesTHNeilC258S1.jpg"
Tommy Hilfiger Men-Women Aviator Sunglasses,"₹4,557",https://www.amazon.in/Tommy-Hilfiger-Men-Women-Aviator-Sunglasses/dp/B08QJT82QF/ref=sr_1_58?crid=1312APGC0MB0F&dib=eyJ2IjoiMSJ9.bkB2IGK-TC6nubh0Ey5-QAB21G-TtWV1tVZ93m1RaRCUTK1rCewvMkVx8-sSqAGdS7ZUntFWvJNDQCdewBPPfEI_5tlxPi8tY209IQR64OiQ8f5o9JhHdjnSbdbV11JNexXHflEYuZNbwv-9_R7jsEr88ySzeRwlIXJCClcvdRVNk8jJ1EpLZzprQ8hBxwH0e5nIpcMfXJ0mUAhD5RQvpHpu1fEReucWBeS6E0Fwb7OtFDbnzpOIjDQ2fCViXK3p1Mv4uNXVMKQCAQZ82rk6-0OYYg25XzKGaLwM2ewkAkU.LDNqY95v_pyGoagV9mq_GgeQH0wAQX47NBFWOgr_NRw&dib_tag=se&keywords=Tommy+Hilfiger+sunglasses&nsdOptOutParam=true&qid=1744923968&refinements=p_123%3A232763&rnid=91049095031&s=apparel&sprefix=tommy+hilfige+sunglasses%2Capparel%2C290&sr=1-58&xpid=N4ELEjRDip-qW,https://m.media-amazon.com/images/I/31VFlG3FQQL._SX342_SY445_.jpg,"Tommy Hilfiger Polarized Aviator Sunglasses (59)  (For Men & Women, Grey)","₹6,490",https://www.flipkart.com/tommy-hilfiger-aviator-sunglasses/p/itm200ee40a76850?pid=SGLGZBZQNN6UZZT6&lid=LSTSGLGZBZQNN6UZZT6ISEH4P&marketplace=FLIPKART&q=tommy+hilfiger+sunglasses+&store=26x&srno=s_1_22&otracker=search&otracker1=search&fm=organic&iid=03418ec7-f1c4-4d47-ad5b-c7847a9aa3e2.SGLGZBZQNN6UZZT6.SEARCH&ppt=None&ppn=None&ssid=zuwjl8ve1s0000001745049813855&qH=3bfbf1356aa2161d,https://rukminim2.flixcart.com/image/832/832/xif0q/sunglass/l/h/p/na-59-th-1551pl-c1-59-tommy-hilfiger-original-imagzbzqafyvwchk.jpeg?q=70&crop=false,Tommy Hilfiger Men Aviator Sunglasses,Rs. 5009,https://www.myntra.com/sunglasses/tommy+hilfiger/tommy-hilfiger-men-full-rim-aviator-sunglasses-with-uv-protected-lens-th-miguel-c2-58-s/31417202/buy,"https://assets.myntassets.com/dpr_2,q_60,w_210,c_limit,fl_progressive/assets/images/2024/NOVEMBER/15/lNLvw1bv_7021d405e9ed4fdda3a6b4a9c0b5f8b8.jpg"
Tommy Hilfiger Women's Non-Polarized Lens Plastic Cat eye Sunglasses,"₹4,249",https://www.amazon.in/Tommy-Hilfiger-Womens-Full-Sunglasses/dp/B081RM7MSD/ref=sr_1_69?crid=1312APGC0MB0F&dib=eyJ2IjoiMSJ9.bkB2IGK-TC6nubh0Ey5-QAB21G-TtWV1tVZ93m1RaRCUTK1rCewvMkVx8-sSqAGdS7ZUntFWvJNDQCdewBPPfEI_5tlxPi8tY209IQR64OiQ8f5o9JhHdjnSbdbV11JNexXHflEYuZNbwv-9_R7jsEr88ySzeRwlIXJCClcvdRVNk8jJ1EpLZzprQ8hBxwH0e5nIpcMfXJ0mUAhD5RQvpHpu1fEReucWBeS6E0Fwb7OtFDbnzpOIjDQ2fCViXK3p1Mv4uNXVMKQCAQZ82rk6-0OYYg25XzKGaLwM2ewkAkU.LDNqY95v_pyGoagV9mq_GgeQH0wAQX47NBFWOgr_NRw&dib_tag=se&keywords=Tommy+Hilfiger+sunglasses&nsdOptOutParam=true&qid=1744923968&refinements=p_123%3A232763&rnid=91049095031&s=apparel&sprefix=tommy+hilfige+sunglasses%2Capparel%2C290&sr=1-69&xpid=N4ELEjRDip-qW,https://m.media-amazon.com/images/I/31SsPxRZMeL._SX342_SY445_.jpg,"Tommy Hilfiger by Lenskart Polarized, UV Protection Cat-eye Sunglasses (52)  (For Men & Women, Pink)",₹749,https://www.flipkart.com/vincent-chase-lenskart-cat-eye-sunglasses/p/itm0de1ca7308d49?pid=SGLGVJPFBXAFGQZN&lid=LSTSGLGVJPFBXAFGQZNZMNHJY&marketplace=FLIPKART&q=tommy+hilfiger+sunglasses+&store=26x&srno=s_2_71&otracker=AS_Query_HistoryAutoSuggest_1_4_na_na_na&otracker1=AS_Query_HistoryAutoSuggest_1_4_na_na_na&fm=organic&iid=33ad5d9e-c095-4a05-b932-2c9c1e187504.SGLGVJPFBXAFGQZN.SEARCH&ppt=None&ppn=None&ssid=icrgjarats0000001745052165994&qH=3bfbf1356aa2161d,https://rukminim2.flixcart.com/image/832/832/xif0q/sunglass/e/t/c/l-212296-vincent-chase-original-imah4hkaqh6rkdmv.jpeg?q=70&crop=false,Tommy Hilfiger Men Aviator Sunglasses with Polarised Lens,Rs. 6392,https://www.myntra.com/sunglasses/tommy+hilfiger/tommy-hilfiger-men-aviator-sunglasses-with-polarised-lens/31797478/buy,"https://assets.myntassets.com/dpr_2,q_60,w_210,c_limit,fl_progressive/assets/images/2024/NOVEMBER/30/BGvPrHlr_6904b221ea4542e398818f07d8d673b1.jpg"
Tommy Hilfiger Men Square Shape Uv Protected Sunglasses,"₹5,319",https://www.amazon.in/Tommy-Hilfiger-Gradient-Square-Sunglasses/dp/B0BZVMX652/ref=sr_1_74?crid=1312APGC0MB0F&dib=eyJ2IjoiMSJ9.bkB2IGK-TC6nubh0Ey5-QAB21G-TtWV1tVZ93m1RaRCUTK1rCewvMkVx8-sSqAGdS7ZUntFWvJNDQCdewBPPfEI_5tlxPi8tY209IQR64OiQ8f5o9JhHdjnSbdbV11JNexXHflEYuZNbwv-9_R7jsEr88ySzeRwlIXJCClcvdRVNk8jJ1EpLZzprQ8hBxwH0e5nIpcMfXJ0mUAhD5RQvpHpu1fEReucWBeS6E0Fwb7OtFDbnzpOIjDQ2fCViXK3p1Mv4uNXVMKQCAQZ82rk6-0OYYg25XzKGaLwM2ewkAkU.LDNqY95v_pyGoagV9mq_GgeQH0wAQX47NBFWOgr_NRw&dib_tag=se&keywords=Tommy+Hilfiger+sunglasses&nsdOptOutParam=true&qid=1744923968&refinements=p_123%3A232763&rnid=91049095031&s=apparel&sprefix=tommy+hilfige+sunglasses%2Capparel%2C290&sr=1-74&xpid=N4ELEjRDip-qW,https://m.media-amazon.com/images/I/31M9v0Ap5VL._SX342_SY445_.jpg,"Tommy Hilfiger Polarized Retro Square Sunglasses (57)  (For Men & Women, Blue)","₹6,590",https://www.flipkart.com/tommy-hilfiger-retro-square-sunglasses/p/itma5b59bd04b9a6?pid=SGLHYXYHKJ8CYGUC&lid=LSTSGLHYXYHKJ8CYGUCZJTDI3&marketplace=FLIPKART&q=tommy+hilfiger+sunglasses+&store=26x&srno=s_1_18&otracker=search&otracker1=search&fm=organic&iid=03418ec7-f1c4-4d47-ad5b-c7847a9aa3e2.SGLHYXYHKJ8CYGUC.SEARCH&ppt=None&ppn=None&ssid=zuwjl8ve1s0000001745049813855&qH=3bfbf1356aa2161d,https://rukminim2.flixcart.com/image/832/832/xif0q/sunglass/s/3/e/57-th-855-c3-57-tommy-hilfiger-original-imahyxyhn9fpwwpz.jpeg?q=70&crop=false,Tommy Hilfiger Men Square Sunglasses with UV Protected Lens,Rs. 4714,https://www.myntra.com/sunglasses/tommy+hilfiger/tommy-hilfiger-men-square-sunglasses-with-uv-protected-lens-th-elvin-c1-57-s/31283851/buy,"https://assets.myntassets.com/dpr_2,q_60,w_210,c_limit,fl_progressive/assets/images/31283851/2025/1/8/e5dd9f41-dae5-42f3-9da0-32b7012797bf1736331701182-Tommy-Hilfiger-Men-Square-Sunglasses-with-UV-Protected-Lens--1.jpg"
Tommy Hilfiger Men's UV Protected Square Sunglasses,"₹4,249",https://www.amazon.in/Tommy-Hilfiger-Sunglasses-60-TH-9719/dp/B09THCYZ82/ref=sr_1_76?crid=1312APGC0MB0F&dib=eyJ2IjoiMSJ9.bkB2IGK-TC6nubh0Ey5-QAB21G-TtWV1tVZ93m1RaRCUTK1rCewvMkVx8-sSqAGdS7ZUntFWvJNDQCdewBPPfEI_5tlxPi8tY209IQR64OiQ8f5o9JhHdjnSbdbV11JNexXHflEYuZNbwv-9_R7jsEr88ySzeRwlIXJCClcvdRVNk8jJ1EpLZzprQ8hBxwH0e5nIpcMfXJ0mUAhD5RQvpHpu1fEReucWBeS6E0Fwb7OtFDbnzpOIjDQ2fCViXK3p1Mv4uNXVMKQCAQZ82rk6-0OYYg25XzKGaLwM2ewkAkU.LDNqY95v_pyGoagV9mq_GgeQH0wAQX47NBFWOgr_NRw&dib_tag=se&keywords=Tommy+Hilfiger+sunglasses&nsdOptOutParam=true&qid=1744923968&refinements=p_123%3A232763&rnid=91049095031&s=apparel&sprefix=tommy+hilfige+sunglasses%2Capparel%2C290&sr=1-76&xpid=N4ELEjRDip-qW,https://m.media-amazon.com/images/I/31fVL7PaGaL._SX342_SY445_.jpg,"Tommy Hilfiger Gradient, UV Protection Retro Square Sunglasses (58)  (For Men & Women, Grey)","₹6,652",https://www.flipkart.com/tommy-hilfiger-retro-square-sunglasses/p/itm64397a2160ef5?pid=SGLHYXYTUZGYPNF6&lid=LSTSGLHYXYTUZGYPNF6UQCJNF&marketplace=FLIPKART&q=tommy+hilfiger+sunglasses+&store=26x&srno=s_1_17&otracker=search&otracker1=search&fm=organic&iid=03418ec7-f1c4-4d47-ad5b-c7847a9aa3e2.SGLHYXYTUZGYPNF6.SEARCH&ppt=None&ppn=None&ssid=zuwjl8ve1s0000001745049813855&qH=3bfbf1356aa2161d,https://rukminim2.flixcart.com/image/832/832/xif0q/sunglass/o/x/g/58-th-2581-c1-58-tommy-hilfiger-original-imahyxytechycbhx.jpeg?q=70&crop=false,Tommy Hilfiger Men Square Sunglasses with UV Protected Lens,Rs. 4714,https://www.myntra.com/sunglasses/tommy+hilfiger/tommy-hilfiger-men-square-sunglasses-with-uv-protected-lens-th-elvin-c1-57-s/31283851/buy,"https://assets.myntassets.com/dpr_2,q_60,w_210,c_limit,fl_progressive/assets/images/31283851/2025/1/8/e5dd9f41-dae5-42f3-9da0-32b7012797bf1736331701182-Tommy-Hilfiger-Men-Square-Sunglasses-with-UV-Protected-Lens--1.jpg"
Tommy Hilfiger Men's Non-Polarized Metal Square Sunglasses,"₹5,261",https://www.amazon.in/Tommy-Hilfiger-Gradient-Square-Sunglasses/dp/B0BZVGRJNB/ref=sr_1_83?crid=1312APGC0MB0F&dib=eyJ2IjoiMSJ9.bkB2IGK-TC6nubh0Ey5-QAB21G-TtWV1tVZ93m1RaRCUTK1rCewvMkVx8-sSqAGdS7ZUntFWvJNDQCdewBPPfEI_5tlxPi8tY209IQR64OiQ8f5o9JhHdjnSbdbV11JNexXHflEYuZNbwv-9_R7jsEr88ySzeRwlIXJCClcvdRVNk8jJ1EpLZzprQ8hBxwH0e5nIpcMfXJ0mUAhD5RQvpHpu1fEReucWBeS6E0Fwb7OtFDbnzpOIjDQ2fCViXK3p1Mv4uNXVMKQCAQZ82rk6-0OYYg25XzKGaLwM2ewkAkU.LDNqY95v_pyGoagV9mq_GgeQH0wAQX47NBFWOgr_NRw&dib_tag=se&keywords=Tommy+Hilfiger+sunglasses&nsdOptOutParam=true&qid=1744923968&refinements=p_123%3A232763&rnid=91049095031&s=apparel&sprefix=tommy+hilfige+sunglasses%2Capparel%2C290&sr=1-83&xpid=N4ELEjRDip-qW,https://m.media-amazon.com/images/I/31jzN4PDMML._SX342_SY445_.jpg,"Tommy Hilfiger Polarized Retro Square Sunglasses (57)  (For Men & Women, Blue)","₹6,590",https://www.flipkart.com/tommy-hilfiger-retro-square-sunglasses/p/itma5b59bd04b9a6?pid=SGLHYXYHKJ8CYGUC&lid=LSTSGLHYXYHKJ8CYGUCZJTDI3&marketplace=FLIPKART&q=tommy+hilfiger+sunglasses+&store=26x&srno=s_1_18&otracker=search&otracker1=search&fm=organic&iid=03418ec7-f1c4-4d47-ad5b-c7847a9aa3e2.SGLHYXYHKJ8CYGUC.SEARCH&ppt=None&ppn=None&ssid=zuwjl8ve1s0000001745049813855&qH=3bfbf1356aa2161d,https://rukminim2.flixcart.com/image/832/832/xif0q/sunglass/s/3/e/57-th-855-c3-57-tommy-hilfiger-original-imahyxyhn9fpwwpz.jpeg?q=70&crop=false,Tommy Hilfiger Men Square Sunglasses,Rs. 5009,https://www.myntra.com/sunglasses/tommy+hilfiger/tommy-hilfiger-men-square-sunglasses-with-uv-protected-lens-th-troy-c2-58-s/31283847/buy,"https://assets.myntassets.com/dpr_2,q_60,w_210,c_limit,fl_progressive/assets/images/2025/JANUARY/29/Rxp2Z9jY_dfcdc843200542adb6a5053231149b98.jpg"
Tommy Hilfiger Women's Non-Polarized Metal Round Sunglasses,"₹4,680",https://www.amazon.in/Tommy-Hilfiger-Mirrored-Womens-Sunglasses/dp/B083BZL98B/ref=sr_1_91?crid=1312APGC0MB0F&dib=eyJ2IjoiMSJ9.bkB2IGK-TC6nubh0Ey5-QAB21G-TtWV1tVZ93m1RaRCUTK1rCewvMkVx8-sSqAGdS7ZUntFWvJNDQCdewBPPfEI_5tlxPi8tY209IQR64OiQ8f5o9JhHdjnSbdbV11JNexXHflEYuZNbwv-9_R7jsEr88ySzeRwlIXJCClcvdRVNk8jJ1EpLZzprQ8hBxwH0e5nIpcMfXJ0mUAhD5RQvpHpu1fEReucWBeS6E0Fwb7OtFDbnzpOIjDQ2fCViXK3p1Mv4uNXVMKQCAQZ82rk6-0OYYg25XzKGaLwM2ewkAkU.LDNqY95v_pyGoagV9mq_GgeQH0wAQX47NBFWOgr_NRw&dib_tag=se&keywords=Tommy+Hilfiger+sunglasses&nsdOptOutParam=true&qid=1744923968&refinements=p_123%3A232763&rnid=91049095031&s=apparel&sprefix=tommy+hilfige+sunglasses%2Capparel%2C290&sr=1-91&xpid=N4ELEjRDip-qW,https://m.media-amazon.com/images/I/21SWJCD-3mL._SX342_SY445_.jpg,"Tommy Hilfiger Polarized Retro Square Sunglasses (57)  (For Men & Women, Blue)","₹6,590",https://www.flipkart.com/tommy-hilfiger-retro-square-sunglasses/p/itma5b59bd04b9a6?pid=SGLHYXYHKJ8CYGUC&lid=LSTSGLHYXYHKJ8CYGUCZJTDI3&marketplace=FLIPKART&q=tommy+hilfiger+sunglasses+&store=26x&srno=s_1_18&otracker=search&otracker1=search&fm=organic&iid=03418ec7-f1c4-4d47-ad5b-c7847a9aa3e2.SGLHYXYHKJ8CYGUC.SEARCH&ppt=None&ppn=None&ssid=zuwjl8ve1s0000001745049813855&qH=3bfbf1356aa2161d,https://rukminim2.flixcart.com/image/832/832/xif0q/sunglass/s/3/e/57-th-855-c3-57-tommy-hilfiger-original-imahyxyhn9fpwwpz.jpeg?q=70&crop=false,Tommy Hilfiger Women Round Sunglasses,Rs. 6392,https://www.myntra.com/sunglasses/tommy+hilfiger/tommy-hilfiger-women-round-sunglasses-with-polarised-and-uv-protected-lens/31381071/buy,"https://assets.myntassets.com/dpr_2,q_60,w_210,c_limit,fl_progressive/assets/images/2024/OCTOBER/22/AEKtZqvS_d175f5c16acd487aa465155a204b4227.jpg"
Tommy Hilfiger Women's Non-Polarized Lens Plastic Cat eye Sunglasses,"₹4,295",https://www.amazon.in/Tommy-Hilfiger-Mirrored-Womens-Sunglasses/dp/B07D5DM8VX/ref=sr_1_92?crid=1312APGC0MB0F&dib=eyJ2IjoiMSJ9.bkB2IGK-TC6nubh0Ey5-QAB21G-TtWV1tVZ93m1RaRCUTK1rCewvMkVx8-sSqAGdS7ZUntFWvJNDQCdewBPPfEI_5tlxPi8tY209IQR64OiQ8f5o9JhHdjnSbdbV11JNexXHflEYuZNbwv-9_R7jsEr88ySzeRwlIXJCClcvdRVNk8jJ1EpLZzprQ8hBxwH0e5nIpcMfXJ0mUAhD5RQvpHpu1fEReucWBeS6E0Fwb7OtFDbnzpOIjDQ2fCViXK3p1Mv4uNXVMKQCAQZ82rk6-0OYYg25XzKGaLwM2ewkAkU.LDNqY95v_pyGoagV9mq_GgeQH0wAQX47NBFWOgr_NRw&dib_tag=se&keywords=Tommy+Hilfiger+sunglasses&nsdOptOutParam=true&qid=1744923968&refinements=p_123%3A232763&rnid=91049095031&s=apparel&sprefix=tommy+hilfige+sunglasses%2Capparel%2C290&sr=1-92&xpid=N4ELEjRDip-qW,https://m.media-amazon.com/images/I/314mp5S0GBL._SY445_SX342_QL70_ML2_.jpg,"Tommy Hilfiger by Lenskart Polarized, UV Protection Cat-eye Sunglasses (52)  (For Men & Women, Pink)",₹749,https://www.flipkart.com/vincent-chase-lenskart-cat-eye-sunglasses/p/itm0de1ca7308d49?pid=SGLGVJPFBXAFGQZN&lid=LSTSGLGVJPFBXAFGQZNZMNHJY&marketplace=FLIPKART&q=tommy+hilfiger+sunglasses+&store=26x&srno=s_2_71&otracker=AS_Query_HistoryAutoSuggest_1_4_na_na_na&otracker1=AS_Query_HistoryAutoSuggest_1_4_na_na_na&fm=organic&iid=33ad5d9e-c095-4a05-b932-2c9c1e187504.SGLGVJPFBXAFGQZN.SEARCH&ppt=None&ppn=None&ssid=icrgjarats0000001745052165994&qH=3bfbf1356aa2161d,https://rukminim2.flixcart.com/image/832/832/xif0q/sunglass/e/t/c/l-212296-vincent-chase-original-imah4hkaqh6rkdmv.jpeg?q=70&crop=false,Tommy Hilfiger Men Aviator Sunglasses with Polarised Lens,Rs. 6392,https://www.myntra.com/sunglasses/tommy+hilfiger/tommy-hilfiger-men-aviator-sunglasses-with-polarised-lens/31797478/buy,"https://assets.myntassets.com/dpr_2,q_60,w_210,c_limit,fl_progressive/assets/images/2024/NOVEMBER/30/BGvPrHlr_6904b221ea4542e398818f07d8d673b1.jpg"
Tommy Hilfiger Men's Non-Polarized Metal Square Sunglasses,"₹5,319",https://www.amazon.in/Tommy-Hilfiger-Protection-Aviator-Sunglasses/dp/B09RPGT6Y1/ref=sr_1_96?crid=1312APGC0MB0F&dib=eyJ2IjoiMSJ9.bkB2IGK-TC6nubh0Ey5-QAB21G-TtWV1tVZ93m1RaRCUTK1rCewvMkVx8-sSqAGdS7ZUntFWvJNDQCdewBPPfEI_5tlxPi8tY209IQR64OiQ8f5o9JhHdjnSbdbV11JNexXHflEYuZNbwv-9_R7jsEr88ySzeRwlIXJCClcvdRVNk8jJ1EpLZzprQ8hBxwH0e5nIpcMfXJ0mUAhD5RQvpHpu1fEReucWBeS6E0Fwb7OtFDbnzpOIjDQ2fCViXK3p1Mv4uNXVMKQCAQZ82rk6-0OYYg25XzKGaLwM2ewkAkU.LDNqY95v_pyGoagV9mq_GgeQH0wAQX47NBFWOgr_NRw&dib_tag=se&keywords=Tommy+Hilfiger+sunglasses&nsdOptOutParam=true&qid=1744923968&refinements=p_123%3A232763&rnid=91049095031&s=apparel&sprefix=tommy+hilfige+sunglasses%2Capparel%2C290&sr=1-96&xpid=N4ELEjRDip-qW,https://m.media-amazon.com/images/I/21wPEuCZC5L._SX342_SY445_.jpg,"Tommy Hilfiger Polarized Retro Square Sunglasses (57)  (For Men & Women, Blue)","₹6,590",https://www.flipkart.com/tommy-hilfiger-retro-square-sunglasses/p/itma5b59bd04b9a6?pid=SGLHYXYHKJ8CYGUC&lid=LSTSGLHYXYHKJ8CYGUCZJTDI3&marketplace=FLIPKART&q=tommy+hilfiger+sunglasses+&store=26x&srno=s_1_18&otracker=search&otracker1=search&fm=organic&iid=03418ec7-f1c4-4d47-ad5b-c7847a9aa3e2.SGLHYXYHKJ8CYGUC.SEARCH&ppt=None&ppn=None&ssid=zuwjl8ve1s0000001745049813855&qH=3bfbf1356aa2161d,https://rukminim2.flixcart.com/image/832/832/xif0q/sunglass/s/3/e/57-th-855-c3-57-tommy-hilfiger-original-imahyxyhn9fpwwpz.jpeg?q=70&crop=false,Tommy Hilfiger Men Square Sunglasses,Rs. 5009,https://www.myntra.com/sunglasses/tommy+hilfiger/tommy-hilfiger-men-square-sunglasses-with-uv-protected-lens-th-troy-c2-58-s/31283847/buy,"https://assets.myntassets.com/dpr_2,q_60,w_210,c_limit,fl_progressive/assets/images/2025/JANUARY/29/Rxp2Z9jY_dfcdc843200542adb6a5053231149b98.jpg"
Tommy Hilfiger Men's Non-Polarized Metal Square Sunglasses,"₹5,319",https://www.amazon.in/Tommy-Hilfiger-Protection-Aviator-Sunglasses/dp/B09RPGT6Y1/ref=sr_1_97?crid=1312APGC0MB0F&dib=eyJ2IjoiMSJ9.M2FF5t3LOOYM3zIb_0w7fDSxFTNcwFNNTnGJD9jroPNwKHFwDyKt0ZeiqEzTSGLeEpRWWMeB41Z2u5ikxqkHy8rXR1iY93RGPX5ZnNwwIG90VYe96EkJLecSbZBdEGhh_IVoSlmWrobyDUWmRByBDd8Ll1veMki6Ll4M3hZeTjnkpf4ILOOPoMsdGtY0jKw2vwvgkYpSYXOjUoG17CC1RC4tqHspiJdqeH3AGkDRFrn8V03-kvWMlaazbcQxf7T_ZJsl9Bftweckb1RJuVe-j5tUMwDd_Ei_k_Nq4_VosAA.b9RSB9zlVcyG8Je4LD-IgFtMbLhirmhJKrgipn4vByM&dib_tag=se&keywords=Tommy+Hilfiger+sunglasses&nsdOptOutParam=true&qid=1744924189&refinements=p_123%3A232763&rnid=91049095031&s=apparel&sprefix=tommy+hilfige+sunglasses%2Capparel%2C290&sr=1-97&xpid=N4ELEjRDip-qW,https://m.media-amazon.com/images/I/21wPEuCZC5L._SX342_SY445_.jpg,"Tommy Hilfiger Polarized Retro Square Sunglasses (57)  (For Men & Women, Blue)","₹6,590",https://www.flipkart.com/tommy-hilfiger-retro-square-sunglasses/p/itma5b59bd04b9a6?pid=SGLHYXYHKJ8CYGUC&lid=LSTSGLHYXYHKJ8CYGUCZJTDI3&marketplace=FLIPKART&q=tommy+hilfiger+sunglasses+&store=26x&srno=s_1_18&otracker=search&otracker1=search&fm=organic&iid=03418ec7-f1c4-4d47-ad5b-c7847a9aa3e2.SGLHYXYHKJ8CYGUC.SEARCH&ppt=None&ppn=None&ssid=zuwjl8ve1s0000001745049813855&qH=3bfbf1356aa2161d,https://rukminim2.flixcart.com/image/832/832/xif0q/sunglass/s/3/e/57-th-855-c3-57-tommy-hilfiger-original-imahyxyhn9fpwwpz.jpeg?q=70&crop=false,Tommy Hilfiger Men Square Sunglasses,Rs. 5009,https://www.myntra.com/sunglasses/tommy+hilfiger/tommy-hilfiger-men-square-sunglasses-with-uv-protected-lens-th-troy-c2-58-s/31283847/buy,"https://assets.myntassets.com/dpr_2,q_60,w_210,c_limit,fl_progressive/assets/images/2025/JANUARY/29/Rxp2Z9jY_dfcdc843200542adb6a5053231149b98.jpg"
Tommy Hilfiger Women's Large Brown Non Polarization Square Sunglasses Th2620 C2,"₹10,455",https://www.amazon.in/Tommy-Hilfiger-Womens-Sunglasses-TH2620/dp/B0C69GDGYF/ref=sr_1_120?crid=1312APGC0MB0F&dib=eyJ2IjoiMSJ9.M2FF5t3LOOYM3zIb_0w7fDSxFTNcwFNNTnGJD9jroPNwKHFwDyKt0ZeiqEzTSGLeEpRWWMeB41Z2u5ikxqkHy8rXR1iY93RGPX5ZnNwwIG90VYe96EkJLecSbZBdEGhh_IVoSlmWrobyDUWmRByBDd8Ll1veMki6Ll4M3hZeTjnkpf4ILOOPoMsdGtY0jKw2vwvgkYpSYXOjUoG17CC1RC4tqHspiJdqeH3AGkDRFrn8V03-kvWMlaazbcQxf7T_ZJsl9Bftweckb1RJuVe-j5tUMwDd_Ei_k_Nq4_VosAA.b9RSB9zlVcyG8Je4LD-IgFtMbLhirmhJKrgipn4vByM&dib_tag=se&keywords=Tommy+Hilfiger+sunglasses&nsdOptOutParam=true&qid=1744924189&refinements=p_123%3A232763&rnid=91049095031&s=apparel&sprefix=tommy+hilfige+sunglasses%2Capparel%2C290&sr=1-120&xpid=N4ELEjRDip-qW,https://m.media-amazon.com/images/I/31wAfoYPqTL._SY445_SX342_QL70_ML2_.jpg,"Tommy Hilfiger Polarized, Gradient Retro Square Sunglasses (55)  (For Men & Women, Brown)","₹6,807",https://www.flipkart.com/tommy-hilfiger-retro-square-sunglasses/p/itmc5a2f5e6ca052?pid=SGLFPYGJ76S3DZ4Z&lid=LSTSGLFPYGJ76S3DZ4ZUM3UYB&marketplace=FLIPKART&q=tommy+hilfiger+sunglasses+&store=26x&srno=s_1_21&otracker=search&otracker1=search&fm=organic&iid=03418ec7-f1c4-4d47-ad5b-c7847a9aa3e2.SGLFPYGJ76S3DZ4Z.SEARCH&ppt=None&ppn=None&ssid=zuwjl8ve1s0000001745049813855&qH=3bfbf1356aa2161d,https://rukminim2.flixcart.com/image/832/832/k6mibgw0/sunglass/z/4/z/55-th-1502-c3-55-tommy-hilfiger-original-imafpywftyxz97cq.jpeg?q=70&crop=false,Tommy Hilfiger Women Square Sunglasses with UV Protected Lens,Rs. 6392,https://www.myntra.com/sunglasses/tommy+hilfiger/tommy-hilfiger-women-square-sunglasses-with-uv-protected-lens/32843799/buy,"https://assets.myntassets.com/dpr_2,q_60,w_210,c_limit,fl_progressive/assets/images/2025/FEBRUARY/21/1X0wQ0yt_02debcda5dd84df5b6cf14212fea682e.jpg"
Fastrack Wayfarer Polarized Sunglasses for Men,₹859,https://www.amazon.in/Fastrack-protected-Sunglasses-P357BK1-millimeters/dp/B071CP6K43/ref=sr_1_1?crid=13TAQ2XYK363D&dib=eyJ2IjoiMSJ9.UvVjhXLBhq4akqeoxv_UZs4QfW0ix7HQd2igII-TzIs6oGflZaMDw18aFUcwkgKcyMETO6brrbHzinQoWbJzjSG5SdYL-zHH6ku3ioraaJ3vD5AQSrWbIXitmyCzjhuzME_Q1sryz_s_vO7xlQxOgQIkk3LDCQwGP1YW52gEE_CX-tsFQ_BAUD3SM4rsPzAbXpwgMSVKThHFskdCA8WPdB7e4qooC2uXVhgs4KCbHy8Q7UgbvBXpwfm1Aoj8Du1cO8cIsO7jo2wrlJSpzIV5W0cQV4NWOVnppLnOU4qiO7U.uS8bqL-iepbwS5epjqV6onvN4aJh1IfBkky48QCGtF4&dib_tag=se&keywords=fastrack+sunglasses&nsdOptOutParam=true&qid=1744921313&refinements=p_123%3A230542&rnid=91049095031&s=apparel&sprefix=fastrack+sunglasses+%2Capparel%2C223&sr=1-1,https://m.media-amazon.com/images/I/31BRHx2nrQL._SX342_SY445_.jpg,"Fastrack Polarized Wayfarer Sunglasses (59)  (For Men, Grey)","₹2,273",https://www.flipkart.com/fastrack-wayfarer-sunglasses/p/itmfe7jyugfhgu7u?pid=SGLFE7GZWZGHJQZH&lid=LSTSGLFE7GZWZGHJQZHJLQ5DZ&marketplace=FLIPKART&q=fastrack+sunglasses&store=26x&srno=s_2_45&otracker=AS_QueryStore_OrganicAutoSuggest_1_12_na_na_na&otracker1=AS_QueryStore_OrganicAutoSuggest_1_12_na_na_na&fm=organic&iid=15441784-155a-4274-b4fc-2f3854cb2196.SGLFE7GZWZGHJQZH.SEARCH&ppt=None&ppn=None&ssid=vsi8sox03k0000001745052710773&qH=6c320ddeb59e61ac,https://rukminim2.flixcart.com/image/832/832/kmjhw280/sunglass/f/d/t/m-m183bk4p-fastrack-original-imagffh2rec5zjry.jpeg?q=70&crop=false,Fastrack Men Wayfarer Sunglasses,Rs. 1080,https://www.myntra.com/sunglasses/fastrack/fastrack-men-wayfarer-sunglasses-with-uv-protected-lens-p429bu11v/32968514/buy,"https://assets.myntassets.com/dpr_2,q_60,w_210,c_limit,fl_progressive/assets/images/32968514/2025/3/26/fd811934-5daa-4697-9e34-7c4bb0b2693b1742973138359-Fastrack-Men-Sunglasses-611742973138125-1.jpg"
Fastrack Aviator Shaped 100% UV Protected Sunglasses for Men,₹809,https://www.amazon.in/Fastrack-protected-Sunglasses-P358BK2-millimeters/dp/B071CY7ZGM/ref=sr_1_9?crid=13TAQ2XYK363D&dib=eyJ2IjoiMSJ9.UvVjhXLBhq4akqeoxv_UZs4QfW0ix7HQd2igII-TzIs6oGflZaMDw18aFUcwkgKcyMETO6brrbHzinQoWbJzjSG5SdYL-zHH6ku3ioraaJ3vD5AQSrWbIXitmyCzjhuzME_Q1sryz_s_vO7xlQxOgQIkk3LDCQwGP1YW52gEE_CX-tsFQ_BAUD3SM4rsPzAbXpwgMSVKThHFskdCA8WPdB7e4qooC2uXVhgs4KCbHy8Q7UgbvBXpwfm1Aoj8Du1cO8cIsO7jo2wrlJSpzIV5W0cQV4NWOVnppLnOU4qiO7U.uS8bqL-iepbwS5epjqV6onvN4aJh1IfBkky48QCGtF4&dib_tag=se&keywords=fastrack+sunglasses&nsdOptOutParam=true&qid=1744921313&refinements=p_123%3A230542&rnid=91049095031&s=apparel&sprefix=fastrack+sunglasses+%2Capparel%2C223&sr=1-9,https://m.media-amazon.com/images/I/31vadH6xi2L._SX342_SY445_.jpg,"Fastrack UV Protection Aviator Sunglasses (Free Size)  (For Men & Women, Blue)","₹2,120",https://www.flipkart.com/fastrack-aviator-sunglasses/p/itmf3yhbzttjyy2q?pid=SGLF3GF7TPF89BFC&lid=LSTSGLF3GF7TPF89BFCR9SSQE&marketplace=FLIPKART&q=fastrack+sunglasses&store=26x&srno=s_2_62&otracker=AS_QueryStore_OrganicAutoSuggest_1_12_na_na_na&otracker1=AS_QueryStore_OrganicAutoSuggest_1_12_na_na_na&fm=organic&iid=15441784-155a-4274-b4fc-2f3854cb2196.SGLF3GF7TPF89BFC.SEARCH&ppt=None&ppn=None&ssid=vsi8sox03k0000001745052710773&qH=6c320ddeb59e61ac,https://rukminim2.flixcart.com/image/832/832/xif0q/sunglass/l/q/7/free-m171bk1-fastrack-original-imah4n8mspnscnbc.jpeg?q=70&crop=false,IDEE Men Aviator Sunglasses with UV Protected Lens,Rs. 1820,https://www.myntra.com/sunglasses/idee/idee-men-aviator-sunglasses-with-uv-protected-lens/32860612/buy,"https://assets.myntassets.com/dpr_2,q_60,w_210,c_limit,fl_progressive/assets/images/2025/FEBRUARY/21/N5WGYATL_5fe937e87bb04fbca46f3ea309ab2b91.jpg"
Fastrack 100% UV Protected Sports Shaped Sunglasses For Men,"₹1,889",https://www.amazon.in/Fastrack-Protected-Sport-Mens-Sunglasses/dp/B07FYY5QR9/ref=sr_1_10?crid=13TAQ2XYK363D&dib=eyJ2IjoiMSJ9.UvVjhXLBhq4akqeoxv_UZs4QfW0ix7HQd2igII-TzIs6oGflZaMDw18aFUcwkgKcyMETO6brrbHzinQoWbJzjSG5SdYL-zHH6ku3ioraaJ3vD5AQSrWbIXitmyCzjhuzME_Q1sryz_s_vO7xlQxOgQIkk3LDCQwGP1YW52gEE_CX-tsFQ_BAUD3SM4rsPzAbXpwgMSVKThHFskdCA8WPdB7e4qooC2uXVhgs4KCbHy8Q7UgbvBXpwfm1Aoj8Du1cO8cIsO7jo2wrlJSpzIV5W0cQV4NWOVnppLnOU4qiO7U.uS8bqL-iepbwS5epjqV6onvN4aJh1IfBkky48QCGtF4&dib_tag=se&keywords=fastrack+sunglasses&nsdOptOutParam=true&qid=1744921313&refinements=p_123%3A230542&rnid=91049095031&s=apparel&sprefix=fastrack+sunglasses+%2Capparel%2C223&sr=1-10,https://m.media-amazon.com/images/I/31EOvSdIoEL._SX342_SY445_.jpg,"Fastrack UV Protection Sports Sunglasses (Free Size)  (For Men, Green)","₹1,744",https://www.flipkart.com/fastrack-sports-sunglasses/p/itmf4srngcu94fxq?pid=SGLEXGFW3H68BTGZ&lid=LSTSGLEXGFW3H68BTGZNRSIJG&marketplace=FLIPKART&q=fastrack+sunglasses&store=26x&srno=s_1_38&otracker=AS_QueryStore_OrganicAutoSuggest_1_12_na_na_na&otracker1=AS_QueryStore_OrganicAutoSuggest_1_12_na_na_na&fm=organic&iid=85c2ca3f-af10-41fb-98aa-b41df4425deb.SGLEXGFW3H68BTGZ.SEARCH&ppt=None&ppn=None&ssid=b1t91m6auo0000001745048323354&qH=6c320ddeb59e61ac,https://rukminim2.flixcart.com/image/832/832/xif0q/sunglass/v/q/m/one-size-fits-all-nbp089gr5p-fastrack-original-imahamryzy6jyzhd.jpeg?q=70&crop=false,Fastrack Men Sports Sunglasses,Rs. 1080,https://www.myntra.com/sunglasses/fastrack/fastrack-men-sports-sunglasses-with-uv-protected-lens-p427wh6v/30439261/buy,"https://assets.myntassets.com/dpr_2,q_60,w_210,c_limit,fl_progressive/assets/images/2024/AUGUST/12/R6aDYIYQ_0b9586dd9d7840bab39bf325bb975855.jpg"
Fastrack Sporty Polarized Sunglasses for Men,"₹1,619",https://www.amazon.in/Fastrack-Polarized-Sport-Mens-Sunglasses/dp/B07K1FC3FF/ref=sr_1_19?crid=13TAQ2XYK363D&dib=eyJ2IjoiMSJ9.UvVjhXLBhq4akqeoxv_UZs4QfW0ix7HQd2igII-TzIs6oGflZaMDw18aFUcwkgKcyMETO6brrbHzinQoWbJzjSG5SdYL-zHH6ku3ioraaJ3vD5AQSrWbIXitmyCzjhuzME_Q1sryz_s_vO7xlQxOgQIkk3LDCQwGP1YW52gEE_CX-tsFQ_BAUD3SM4rsPzAbXpwgMSVKThHFskdCA8WPdB7e4qooC2uXVhgs4KCbHy8Q7UgbvBXpwfm1Aoj8Du1cO8cIsO7jo2wrlJSpzIV5W0cQV4NWOVnppLnOU4qiO7U.uS8bqL-iepbwS5epjqV6onvN4aJh1IfBkky48QCGtF4&dib_tag=se&keywords=fastrack+sunglasses&nsdOptOutParam=true&qid=1744921313&refinements=p_123%3A230542&rnid=91049095031&s=apparel&sprefix=fastrack+sunglasses+%2Capparel%2C223&sr=1-19,https://m.media-amazon.com/images/I/31f4rrYE9LL._SX342_SY445_.jpg,"Fastrack Polarized Wayfarer Sunglasses (59)  (For Men, Grey)","₹2,273",https://www.flipkart.com/fastrack-wayfarer-sunglasses/p/itmfe7jyugfhgu7u?pid=SGLFE7GZWZGHJQZH&lid=LSTSGLFE7GZWZGHJQZHJLQ5DZ&marketplace=FLIPKART&q=fastrack+sunglasses&store=26x&srno=s_2_45&otracker=AS_QueryStore_OrganicAutoSuggest_1_12_na_na_na&otracker1=AS_QueryStore_OrganicAutoSuggest_1_12_na_na_na&fm=organic&iid=15441784-155a-4274-b4fc-2f3854cb2196.SGLFE7GZWZGHJQZH.SEARCH&ppt=None&ppn=None&ssid=vsi8sox03k0000001745052710773&qH=6c320ddeb59e61ac,https://rukminim2.flixcart.com/image/832/832/kmjhw280/sunglass/f/d/t/m-m183bk4p-fastrack-original-imagffh2rec5zjry.jpeg?q=70&crop=false,Fastrack Men Sports Sunglasses,Rs. 1080,https://www.myntra.com/sunglasses/fastrack/fastrack-men-sports-sunglasses-with-uv-protected-lens-p427wh6v/30439261/buy,"https://assets.myntassets.com/dpr_2,q_60,w_210,c_limit,fl_progressive/assets/images/2024/AUGUST/12/R6aDYIYQ_0b9586dd9d7840bab39bf325bb975855.jpg"
Fastrack Green Square Polarised Sunglasses for Men,"₹1,709",https://www.amazon.in/Fastrack-Polarized-Square-Mens-Sunglasses/dp/B075LNL66X/ref=sr_1_22?crid=13TAQ2XYK363D&dib=eyJ2IjoiMSJ9.UvVjhXLBhq4akqeoxv_UZs4QfW0ix7HQd2igII-TzIs6oGflZaMDw18aFUcwkgKcyMETO6brrbHzinQoWbJzjSG5SdYL-zHH6ku3ioraaJ3vD5AQSrWbIXitmyCzjhuzME_Q1sryz_s_vO7xlQxOgQIkk3LDCQwGP1YW52gEE_CX-tsFQ_BAUD3SM4rsPzAbXpwgMSVKThHFskdCA8WPdB7e4qooC2uXVhgs4KCbHy8Q7UgbvBXpwfm1Aoj8Du1cO8cIsO7jo2wrlJSpzIV5W0cQV4NWOVnppLnOU4qiO7U.uS8bqL-iepbwS5epjqV6onvN4aJh1IfBkky48QCGtF4&dib_tag=se&keywords=fastrack+sunglasses&nsdOptOutParam=true&qid=1744921313&refinements=p_123%3A230542&rnid=91049095031&s=apparel&sprefix=fastrack+sunglasses+%2Capparel%2C223&sr=1-22,https://m.media-amazon.com/images/I/31O7ikuKRaL._SX342_SY445_.jpg,"Fastrack Polarized Rectangular Sunglasses (56)  (For Men & Women, Green)","₹1,999",https://www.flipkart.com/fastrack-rectangular-sunglasses/p/itm0b8e89c5fa85f?pid=SGLH4QZMWYP2ZFGA&lid=LSTSGLH4QZMWYP2ZFGAQDTEQX&marketplace=FLIPKART&q=fastrack+sunglasses&store=26x&srno=s_2_68&otracker=AS_QueryStore_OrganicAutoSuggest_1_12_na_na_na&otracker1=AS_QueryStore_OrganicAutoSuggest_1_12_na_na_na&fm=organic&iid=15441784-155a-4274-b4fc-2f3854cb2196.SGLH4QZMWYP2ZFGA.SEARCH&ppt=None&ppn=None&ssid=vsi8sox03k0000001745052710773&qH=6c320ddeb59e61ac,https://rukminim2.flixcart.com/image/832/832/xif0q/sunglass/6/p/m/56-m278gr1p-fastrack-original-imah4qzmt8fygwtf.jpeg?q=70&crop=false,Fastrack Men Square Sunglasses,Rs. 809,https://www.myntra.com/sunglasses/fastrack/fastrack-men-square-sunglasses-with-uv-protected-lens-p449bk3tv/30439288/buy,"https://assets.myntassets.com/dpr_2,q_60,w_210,c_limit,fl_progressive/assets/images/2024/AUGUST/8/s31QHIEf_c0c7665493ef44fb8736e3a8309cb6c1.jpg"
Fastrack Polarised Square Sunglasses for Men,₹994,https://www.amazon.in/Fastrack-Protected-Square-Mens-Sunglasses/dp/B07PLT87G3/ref=sr_1_23?crid=13TAQ2XYK363D&dib=eyJ2IjoiMSJ9.UvVjhXLBhq4akqeoxv_UZs4QfW0ix7HQd2igII-TzIs6oGflZaMDw18aFUcwkgKcyMETO6brrbHzinQoWbJzjSG5SdYL-zHH6ku3ioraaJ3vD5AQSrWbIXitmyCzjhuzME_Q1sryz_s_vO7xlQxOgQIkk3LDCQwGP1YW52gEE_CX-tsFQ_BAUD3SM4rsPzAbXpwgMSVKThHFskdCA8WPdB7e4qooC2uXVhgs4KCbHy8Q7UgbvBXpwfm1Aoj8Du1cO8cIsO7jo2wrlJSpzIV5W0cQV4NWOVnppLnOU4qiO7U.uS8bqL-iepbwS5epjqV6onvN4aJh1IfBkky48QCGtF4&dib_tag=se&keywords=fastrack+sunglasses&nsdOptOutParam=true&qid=1744921313&refinements=p_123%3A230542&rnid=91049095031&s=apparel&sprefix=fastrack+sunglasses+%2Capparel%2C223&sr=1-23,https://m.media-amazon.com/images/I/31P85eEDpfL._SX342_SY445_.jpg,"Fastrack Polarized Wayfarer Sunglasses (59)  (For Men, Grey)","₹2,273",https://www.flipkart.com/fastrack-wayfarer-sunglasses/p/itmfe7jyugfhgu7u?pid=SGLFE7GZWZGHJQZH&lid=LSTSGLFE7GZWZGHJQZHJLQ5DZ&marketplace=FLIPKART&q=fastrack+sunglasses&store=26x&srno=s_2_45&otracker=AS_QueryStore_OrganicAutoSuggest_1_12_na_na_na&otracker1=AS_QueryStore_OrganicAutoSuggest_1_12_na_na_na&fm=organic&iid=15441784-155a-4274-b4fc-2f3854cb2196.SGLFE7GZWZGHJQZH.SEARCH&ppt=None&ppn=None&ssid=vsi8sox03k0000001745052710773&qH=6c320ddeb59e61ac,https://rukminim2.flixcart.com/image/832/832/kmjhw280/sunglass/f/d/t/m-m183bk4p-fastrack-original-imagffh2rec5zjry.jpeg?q=70&crop=false,Fastrack Men Square Sunglasses,Rs. 809,https://www.myntra.com/sunglasses/fastrack/fastrack-men-square-sunglasses-with-uv-protected-lens-p449bk3tv/30439288/buy,"https://assets.myntassets.com/dpr_2,q_60,w_210,c_limit,fl_progressive/assets/images/2024/AUGUST/8/s31QHIEf_c0c7665493ef44fb8736e3a8309cb6c1.jpg"
Fastrack 100% Polarised Aviator Sunglasses for Men,"₹2,799",https://www.amazon.in/Fastrack-Aviator-Unisex-Sunglasses-M035GR5P/dp/B00KGR8MYS/ref=sr_1_27?crid=13TAQ2XYK363D&dib=eyJ2IjoiMSJ9.UvVjhXLBhq4akqeoxv_UZs4QfW0ix7HQd2igII-TzIs6oGflZaMDw18aFUcwkgKcyMETO6brrbHzinQoWbJzjSG5SdYL-zHH6ku3ioraaJ3vD5AQSrWbIXitmyCzjhuzME_Q1sryz_s_vO7xlQxOgQIkk3LDCQwGP1YW52gEE_CX-tsFQ_BAUD3SM4rsPzAbXpwgMSVKThHFskdCA8WPdB7e4qooC2uXVhgs4KCbHy8Q7UgbvBXpwfm1Aoj8Du1cO8cIsO7jo2wrlJSpzIV5W0cQV4NWOVnppLnOU4qiO7U.uS8bqL-iepbwS5epjqV6onvN4aJh1IfBkky48QCGtF4&dib_tag=se&keywords=fastrack+sunglasses&nsdOptOutParam=true&qid=1744921313&refinements=p_123%3A230542&rnid=91049095031&s=apparel&sprefix=fastrack+sunglasses+%2Capparel%2C223&sr=1-27,https://m.media-amazon.com/images/I/31ko-ybWnML._SX342_SY445_.jpg,"Fastrack Polarized Aviator Sunglasses (64)  (For Men, Green)","₹2,910",https://www.flipkart.com/fastrack-aviator-sunglasses/p/itmebd2cbfbd8711?pid=SGLFEH2UHZRTJFKE&lid=LSTSGLFEH2UHZRTJFKEJROWX3&marketplace=FLIPKART&q=fastrack+sunglasses&store=26x&srno=s_2_73&otracker=AS_QueryStore_OrganicAutoSuggest_1_12_na_na_na&otracker1=AS_QueryStore_OrganicAutoSuggest_1_12_na_na_na&fm=organic&iid=15441784-155a-4274-b4fc-2f3854cb2196.SGLFEH2UHZRTJFKE.SEARCH&ppt=None&ppn=None&ssid=vsi8sox03k0000001745052710773&qH=6c320ddeb59e61ac,https://rukminim2.flixcart.com/image/832/832/kuczmvk0/sunglass/y/o/c/m050gr3v-64-fastrack-original-imag7hsrbn4c8f6z.jpeg?q=70&crop=false,Fastrack Men Aviator Sunglasses,Rs. 1440,https://www.myntra.com/sunglasses/fastrack/fastrack-men-uv-protected-lens-aviator-sunglasses---m242bk2tv/30439223/buy,"https://assets.myntassets.com/dpr_2,q_60,w_210,c_limit,fl_progressive/assets/images/2024/AUGUST/8/Ozz8WtsO_077217d0aaf24bd59daaf2a4058dc4fa.jpg"
Fastrack Polarised Square Sunglasses for Men,"₹1,039",https://www.amazon.in/Fastrack-Protected-Square-Mens-Sunglasses/dp/B07PM26V34/ref=sr_1_28?crid=13TAQ2XYK363D&dib=eyJ2IjoiMSJ9.UvVjhXLBhq4akqeoxv_UZs4QfW0ix7HQd2igII-TzIs6oGflZaMDw18aFUcwkgKcyMETO6brrbHzinQoWbJzjSG5SdYL-zHH6ku3ioraaJ3vD5AQSrWbIXitmyCzjhuzME_Q1sryz_s_vO7xlQxOgQIkk3LDCQwGP1YW52gEE_CX-tsFQ_BAUD3SM4rsPzAbXpwgMSVKThHFskdCA8WPdB7e4qooC2uXVhgs4KCbHy8Q7UgbvBXpwfm1Aoj8Du1cO8cIsO7jo2wrlJSpzIV5W0cQV4NWOVnppLnOU4qiO7U.uS8bqL-iepbwS5epjqV6onvN4aJh1IfBkky48QCGtF4&dib_tag=se&keywords=fastrack+sunglasses&nsdOptOutParam=true&qid=1744921313&refinements=p_123%3A230542&rnid=91049095031&s=apparel&sprefix=fastrack+sunglasses+%2Capparel%2C223&sr=1-28,https://m.media-amazon.com/images/I/31e1ZGb-xrL._SX342_SY445_.jpg,"Fastrack Polarized Wayfarer Sunglasses (59)  (For Men, Grey)","₹2,273",https://www.flipkart.com/fastrack-wayfarer-sunglasses/p/itmfe7jyugfhgu7u?pid=SGLFE7GZWZGHJQZH&lid=LSTSGLFE7GZWZGHJQZHJLQ5DZ&marketplace=FLIPKART&q=fastrack+sunglasses&store=26x&srno=s_2_45&otracker=AS_QueryStore_OrganicAutoSuggest_1_12_na_na_na&otracker1=AS_QueryStore_OrganicAutoSuggest_1_12_na_na_na&fm=organic&iid=15441784-155a-4274-b4fc-2f3854cb2196.SGLFE7GZWZGHJQZH.SEARCH&ppt=None&ppn=None&ssid=vsi8sox03k0000001745052710773&qH=6c320ddeb59e61ac,https://rukminim2.flixcart.com/image/832/832/kmjhw280/sunglass/f/d/t/m-m183bk4p-fastrack-original-imagffh2rec5zjry.jpeg?q=70&crop=false,Fastrack Men Square Sunglasses,Rs. 809,https://www.myntra.com/sunglasses/fastrack/fastrack-men-square-sunglasses-with-uv-protected-lens-p449bk3tv/30439288/buy,"https://assets.myntassets.com/dpr_2,q_60,w_210,c_limit,fl_progressive/assets/images/2024/AUGUST/8/s31QHIEf_c0c7665493ef44fb8736e3a8309cb6c1.jpg"
Fastrack Polarised Square Sunglasses for Men,₹989,https://www.amazon.in/Fastrack-Protected-Square-Mens-Sunglasses/dp/B07PM21GKK/ref=sr_1_29?crid=13TAQ2XYK363D&dib=eyJ2IjoiMSJ9.UvVjhXLBhq4akqeoxv_UZs4QfW0ix7HQd2igII-TzIs6oGflZaMDw18aFUcwkgKcyMETO6brrbHzinQoWbJzjSG5SdYL-zHH6ku3ioraaJ3vD5AQSrWbIXitmyCzjhuzME_Q1sryz_s_vO7xlQxOgQIkk3LDCQwGP1YW52gEE_CX-tsFQ_BAUD3SM4rsPzAbXpwgMSVKThHFskdCA8WPdB7e4qooC2uXVhgs4KCbHy8Q7UgbvBXpwfm1Aoj8Du1cO8cIsO7jo2wrlJSpzIV5W0cQV4NWOVnppLnOU4qiO7U.uS8bqL-iepbwS5epjqV6onvN4aJh1IfBkky48QCGtF4&dib_tag=se&keywords=fastrack+sunglasses&nsdOptOutParam=true&qid=1744921313&refinements=p_123%3A230542&rnid=91049095031&s=apparel&sprefix=fastrack+sunglasses+%2Capparel%2C223&sr=1-29,https://m.media-amazon.com/images/I/31bwwETLDkL._SX342_SY445_.jpg,"Fastrack Polarized Wayfarer Sunglasses (59)  (For Men, Grey)","₹2,273",https://www.flipkart.com/fastrack-wayfarer-sunglasses/p/itmfe7jyugfhgu7u?pid=SGLFE7GZWZGHJQZH&lid=LSTSGLFE7GZWZGHJQZHJLQ5DZ&marketplace=FLIPKART&q=fastrack+sunglasses&store=26x&srno=s_2_45&otracker=AS_QueryStore_OrganicAutoSuggest_1_12_na_na_na&otracker1=AS_QueryStore_OrganicAutoSuggest_1_12_na_na_na&fm=organic&iid=15441784-155a-4274-b4fc-2f3854cb2196.SGLFE7GZWZGHJQZH.SEARCH&ppt=None&ppn=None&ssid=vsi8sox03k0000001745052710773&qH=6c320ddeb59e61ac,https://rukminim2.flixcart.com/image/832/832/kmjhw280/sunglass/f/d/t/m-m183bk4p-fastrack-original-imagffh2rec5zjry.jpeg?q=70&crop=false,Fastrack Men Square Sunglasses,Rs. 809,https://www.myntra.com/sunglasses/fastrack/fastrack-men-square-sunglasses-with-uv-protected-lens-p449bk3tv/30439288/buy,"https://assets.myntassets.com/dpr_2,q_60,w_210,c_limit,fl_progressive/assets/images/2024/AUGUST/8/s31QHIEf_c0c7665493ef44fb8736e3a8309cb6c1.jpg"
Fastrack Gradient Wayfarer Sunglasses for Men,"₹1,329",https://www.amazon.in/Fastrack-Protected-Square-Mens-Sunglasses/dp/B08BH26VN7/ref=sr_1_46?crid=13TAQ2XYK363D&dib=eyJ2IjoiMSJ9.UvVjhXLBhq4akqeoxv_UZs4QfW0ix7HQd2igII-TzIs6oGflZaMDw18aFUcwkgKcyMETO6brrbHzinQoWbJzjSG5SdYL-zHH6ku3ioraaJ3vD5AQSrWbIXitmyCzjhuzME_Q1sryz_s_vO7xlQxOgQIkk3LDCQwGP1YW52gEE_CX-tsFQ_BAUD3SM4rsPzAbXpwgMSVKThHFskdCA8WPdB7e4qooC2uXVhgs4KCbHy8Q7UgbvBXpwfm1Aoj8Du1cO8cIsO7jo2wrlJSpzIV5W0cQV4NWOVnppLnOU4qiO7U.uS8bqL-iepbwS5epjqV6onvN4aJh1IfBkky48QCGtF4&dib_tag=se&keywords=fastrack+sunglasses&nsdOptOutParam=true&qid=1744921313&refinements=p_123%3A230542&rnid=91049095031&s=apparel&sprefix=fastrack+sunglasses+%2Capparel%2C223&sr=1-46,https://m.media-amazon.com/images/I/31tnhEMm1qL._SX342_SY445_.jpg,"Fastrack Polarized Wayfarer Sunglasses (59)  (For Men, Grey)","₹2,273",https://www.flipkart.com/fastrack-wayfarer-sunglasses/p/itmfe7jyugfhgu7u?pid=SGLFE7GZWZGHJQZH&lid=LSTSGLFE7GZWZGHJQZHJLQ5DZ&marketplace=FLIPKART&q=fastrack+sunglasses&store=26x&srno=s_2_45&otracker=AS_QueryStore_OrganicAutoSuggest_1_12_na_na_na&otracker1=AS_QueryStore_OrganicAutoSuggest_1_12_na_na_na&fm=organic&iid=15441784-155a-4274-b4fc-2f3854cb2196.SGLFE7GZWZGHJQZH.SEARCH&ppt=None&ppn=None&ssid=vsi8sox03k0000001745052710773&qH=6c320ddeb59e61ac,https://rukminim2.flixcart.com/image/832/832/kmjhw280/sunglass/f/d/t/m-m183bk4p-fastrack-original-imagffh2rec5zjry.jpeg?q=70&crop=false,Fastrack Men Wayfarer Sunglasses,Rs. 1080,https://www.myntra.com/sunglasses/fastrack/fastrack-men-wayfarer-sunglasses-with-uv-protected-lens-p429bu11v/32968514/buy,"https://assets.myntassets.com/dpr_2,q_60,w_210,c_limit,fl_progressive/assets/images/32968514/2025/3/26/fd811934-5daa-4697-9e34-7c4bb0b2693b1742973138359-Fastrack-Men-Sunglasses-611742973138125-1.jpg"
Fastrack Sporty Shaped 100% UV Protected Sunglasses for Men,"₹1,349",https://www.amazon.in/Fastrack-Protection-Wrap-Mens-Sunglasses/dp/B00KT6HMFG/ref=sr_1_47?crid=13TAQ2XYK363D&dib=eyJ2IjoiMSJ9.UvVjhXLBhq4akqeoxv_UZs4QfW0ix7HQd2igII-TzIs6oGflZaMDw18aFUcwkgKcyMETO6brrbHzinQoWbJzjSG5SdYL-zHH6ku3ioraaJ3vD5AQSrWbIXitmyCzjhuzME_Q1sryz_s_vO7xlQxOgQIkk3LDCQwGP1YW52gEE_CX-tsFQ_BAUD3SM4rsPzAbXpwgMSVKThHFskdCA8WPdB7e4qooC2uXVhgs4KCbHy8Q7UgbvBXpwfm1Aoj8Du1cO8cIsO7jo2wrlJSpzIV5W0cQV4NWOVnppLnOU4qiO7U.uS8bqL-iepbwS5epjqV6onvN4aJh1IfBkky48QCGtF4&dib_tag=se&keywords=fastrack+sunglasses&nsdOptOutParam=true&qid=1744921313&refinements=p_123%3A230542&rnid=91049095031&s=apparel&sprefix=fastrack+sunglasses+%2Capparel%2C223&sr=1-47,https://m.media-amazon.com/images/I/31bAE+-ykbL._SX342_SY445_.jpg,"Fastrack UV Protection Shield Sunglasses (Free Size)  (For Men, Grey)",₹649,https://www.flipkart.com/fastrack-shield-sunglasses/p/itme31b29c245e9d?pid=SGLF79DPQHKPREWV&lid=LSTSGLF79DPQHKPREWVH4OGVF&marketplace=FLIPKART&q=fastrack+sunglasses&store=26x&srno=s_1_35&otracker=AS_QueryStore_OrganicAutoSuggest_1_12_na_na_na&otracker1=AS_QueryStore_OrganicAutoSuggest_1_12_na_na_na&fm=organic&iid=85c2ca3f-af10-41fb-98aa-b41df4425deb.SGLF79DPQHKPREWV.SEARCH&ppt=None&ppn=None&ssid=b1t91m6auo0000001745048323354&qH=6c320ddeb59e61ac,https://rukminim2.flixcart.com/image/832/832/kgtqhe80-0/sunglass/p/g/p/p427bk1-one-size-fits-all-fastrack-original-imafwyqxmhpcaagg.jpeg?q=70&crop=false,Fastrack Men Sports Sunglasses,Rs. 1080,https://www.myntra.com/sunglasses/fastrack/fastrack-men-sports-sunglasses-with-uv-protected-lens-p427wh6v/30439261/buy,"https://assets.myntassets.com/dpr_2,q_60,w_210,c_limit,fl_progressive/assets/images/2024/AUGUST/12/R6aDYIYQ_0b9586dd9d7840bab39bf325bb975855.jpg"
Fastrack Sporty Shaped 100% UV Protected Sunglasses for Men,"₹1,329",https://www.amazon.in/Fastrack-Protected-Wayfarer-Unisex-Sunglasses/dp/B00J3SCDAK/ref=sr_1_60?crid=13TAQ2XYK363D&dib=eyJ2IjoiMSJ9.lxpjWGksXApoqCI73a5LPu325eN4boByEMIAeIzhkn3Im0l5t_OFBIRF9bP4WSFh8c60RpKWfdd48STBvRniQn1SVzGrCKbXjW0eRT6Rmzia_ROA6RMomXzGrn_f0tfFteKGTeKxp_SKttuYCzDUTi5Y1opgxJFyZUJdQUKfUvXaRWBtzDs8WMbOY0ueq_jfs1NLfxUJ5bHXKciN4qVdQmqoEBv-XgYyMVHNRxp4UAGY2oCKrJO8_iUi0A1AI3kn1YDbS5WoxwRu2tFCEMiK5UIVvTi1T-VVF-KjCaCZP1s.jObC5KXh-CxvSXNre40yjJcjwogIA1G8cNPRZnPXQJY&dib_tag=se&keywords=fastrack+sunglasses&nsdOptOutParam=true&qid=1744921543&refinements=p_123%3A230542&rnid=91049095031&s=apparel&sprefix=fastrack+sunglasses+%2Capparel%2C223&sr=1-60&xpid=yoQIgBH2lox3-,https://m.media-amazon.com/images/I/214d17MyZcL._SX342_SY445_.jpg,"Fastrack UV Protection Shield Sunglasses (Free Size)  (For Men, Grey)",₹649,https://www.flipkart.com/fastrack-shield-sunglasses/p/itme31b29c245e9d?pid=SGLF79DPQHKPREWV&lid=LSTSGLF79DPQHKPREWVH4OGVF&marketplace=FLIPKART&q=fastrack+sunglasses&store=26x&srno=s_1_35&otracker=AS_QueryStore_OrganicAutoSuggest_1_12_na_na_na&otracker1=AS_QueryStore_OrganicAutoSuggest_1_12_na_na_na&fm=organic&iid=85c2ca3f-af10-41fb-98aa-b41df4425deb.SGLF79DPQHKPREWV.SEARCH&ppt=None&ppn=None&ssid=b1t91m6auo0000001745048323354&qH=6c320ddeb59e61ac,https://rukminim2.flixcart.com/image/832/832/kgtqhe80-0/sunglass/p/g/p/p427bk1-one-size-fits-all-fastrack-original-imafwyqxmhpcaagg.jpeg?q=70&crop=false,Fastrack Men Sports Sunglasses,Rs. 1080,https://www.myntra.com/sunglasses/fastrack/fastrack-men-sports-sunglasses-with-uv-protected-lens-p427wh6v/30439261/buy,"https://assets.myntassets.com/dpr_2,q_60,w_210,c_limit,fl_progressive/assets/images/2024/AUGUST/12/R6aDYIYQ_0b9586dd9d7840bab39bf325bb975855.jpg"
Fastrack Polarized Wraparound Sunglasses for Men,"₹1,889",https://www.amazon.in/Fastrack-Protected-Sport-Sunglasses-P322BK3P/dp/B01D11D3L2/ref=sr_1_68?crid=13TAQ2XYK363D&dib=eyJ2IjoiMSJ9.lxpjWGksXApoqCI73a5LPu325eN4boByEMIAeIzhkn3Im0l5t_OFBIRF9bP4WSFh8c60RpKWfdd48STBvRniQn1SVzGrCKbXjW0eRT6Rmzia_ROA6RMomXzGrn_f0tfFteKGTeKxp_SKttuYCzDUTi5Y1opgxJFyZUJdQUKfUvXaRWBtzDs8WMbOY0ueq_jfs1NLfxUJ5bHXKciN4qVdQmqoEBv-XgYyMVHNRxp4UAGY2oCKrJO8_iUi0A1AI3kn1YDbS5WoxwRu2tFCEMiK5UIVvTi1T-VVF-KjCaCZP1s.jObC5KXh-CxvSXNre40yjJcjwogIA1G8cNPRZnPXQJY&dib_tag=se&keywords=fastrack+sunglasses&nsdOptOutParam=true&qid=1744921543&refinements=p_123%3A230542&rnid=91049095031&s=apparel&sprefix=fastrack+sunglasses+%2Capparel%2C223&sr=1-68&xpid=yoQIgBH2lox3-,https://m.media-amazon.com/images/I/41D5pdwPy2L._SX342_SY445_.jpg,"Fastrack Polarized Wayfarer Sunglasses (59)  (For Men, Grey)","₹2,273",https://www.flipkart.com/fastrack-wayfarer-sunglasses/p/itmfe7jyugfhgu7u?pid=SGLFE7GZWZGHJQZH&lid=LSTSGLFE7GZWZGHJQZHJLQ5DZ&marketplace=FLIPKART&q=fastrack+sunglasses&store=26x&srno=s_2_45&otracker=AS_QueryStore_OrganicAutoSuggest_1_12_na_na_na&otracker1=AS_QueryStore_OrganicAutoSuggest_1_12_na_na_na&fm=organic&iid=15441784-155a-4274-b4fc-2f3854cb2196.SGLFE7GZWZGHJQZH.SEARCH&ppt=None&ppn=None&ssid=vsi8sox03k0000001745052710773&qH=6c320ddeb59e61ac,https://rukminim2.flixcart.com/image/832/832/kmjhw280/sunglass/f/d/t/m-m183bk4p-fastrack-original-imagffh2rec5zjry.jpeg?q=70&crop=false,Fastrack Men Wayfarer Sunglasses,Rs. 1080,https://www.myntra.com/sunglasses/fastrack/fastrack-men-wayfarer-sunglasses-with-uv-protected-lens-p429bu11v/32968514/buy,"https://assets.myntassets.com/dpr_2,q_60,w_210,c_limit,fl_progressive/assets/images/32968514/2025/3/26/fd811934-5daa-4697-9e34-7c4bb0b2693b1742973138359-Fastrack-Men-Sunglasses-611742973138125-1.jpg"
Fastrack Men's Gradient Blue Lens Pilot Sunglasses,"₹1,039.",https://www.amazon.in/Fastrack-Mens-Gradient-Pilot-Sunglasses/dp/B0CKKY4R75/ref=sr_1_84?crid=13TAQ2XYK363D&dib=eyJ2IjoiMSJ9.lxpjWGksXApoqCI73a5LPu325eN4boByEMIAeIzhkn3Im0l5t_OFBIRF9bP4WSFh8c60RpKWfdd48STBvRniQn1SVzGrCKbXjW0eRT6Rmzia_ROA6RMomXzGrn_f0tfFteKGTeKxp_SKttuYCzDUTi5Y1opgxJFyZUJdQUKfUvXaRWBtzDs8WMbOY0ueq_jfs1NLfxUJ5bHXKciN4qVdQmqoEBv-XgYyMVHNRxp4UAGY2oCKrJO8_iUi0A1AI3kn1YDbS5WoxwRu2tFCEMiK5UIVvTi1T-VVF-KjCaCZP1s.jObC5KXh-CxvSXNre40yjJcjwogIA1G8cNPRZnPXQJY&dib_tag=se&keywords=fastrack+sunglasses&nsdOptOutParam=true&qid=1744921543&refinements=p_123%3A230542&rnid=91049095031&s=apparel&sprefix=fastrack+sunglasses+%2Capparel%2C223&sr=1-84&xpid=yoQIgBH2lox3-,https://m.media-amazon.com/images/I/21AESVN+fCL._SX342_SY445_.jpg,"Fastrack Gradient Aviator Sunglasses (Free Size)  (For Men, Blue)","₹2,310",https://www.flipkart.com/fastrack-aviator-sunglasses/p/itmfaxmj8myurwdp?pid=SGLFAXH2ZKZZWU2Y&lid=LSTSGLFAXH2ZKZZWU2Y0CN4NQ&marketplace=FLIPKART&q=fastrack+sunglasses&store=26x&srno=s_2_74&otracker=AS_QueryStore_OrganicAutoSuggest_1_12_na_na_na&otracker1=AS_QueryStore_OrganicAutoSuggest_1_12_na_na_na&fm=organic&iid=15441784-155a-4274-b4fc-2f3854cb2196.SGLFAXH2ZKZZWU2Y.SEARCH&ppt=None&ppn=None&ssid=vsi8sox03k0000001745052710773&qH=6c320ddeb59e61ac,https://rukminim2.flixcart.com/image/832/832/xif0q/sunglass/8/p/v/m-nbm165br10-fastrack-original-imah52eun8b4agey.jpeg?q=70&crop=false,Fastrack Men Sports Sunglasses,Rs. 1080,https://www.myntra.com/sunglasses/fastrack/fastrack-men-sports-sunglasses-with-uv-protected-lens-p427wh6v/30439261/buy,"https://assets.myntassets.com/dpr_2,q_60,w_210,c_limit,fl_progressive/assets/images/2024/AUGUST/12/R6aDYIYQ_0b9586dd9d7840bab39bf325bb975855.jpg"
Fastrack Green Sporty Polarised Sunglasses for Men,"₹1,749",https://www.amazon.in/Fastrack-Polarized-Sport-Mens-Sunglasses/dp/B075LP8Y9T/ref=sr_1_89?crid=13TAQ2XYK363D&dib=eyJ2IjoiMSJ9.lxpjWGksXApoqCI73a5LPu325eN4boByEMIAeIzhkn3Im0l5t_OFBIRF9bP4WSFh8c60RpKWfdd48STBvRniQn1SVzGrCKbXjW0eRT6Rmzia_ROA6RMomXzGrn_f0tfFteKGTeKxp_SKttuYCzDUTi5Y1opgxJFyZUJdQUKfUvXaRWBtzDs8WMbOY0ueq_jfs1NLfxUJ5bHXKciN4qVdQmqoEBv-XgYyMVHNRxp4UAGY2oCKrJO8_iUi0A1AI3kn1YDbS5WoxwRu2tFCEMiK5UIVvTi1T-VVF-KjCaCZP1s.jObC5KXh-CxvSXNre40yjJcjwogIA1G8cNPRZnPXQJY&dib_tag=se&keywords=fastrack+sunglasses&nsdOptOutParam=true&qid=1744921543&refinements=p_123%3A230542&rnid=91049095031&s=apparel&sprefix=fastrack+sunglasses+%2Capparel%2C223&sr=1-89&xpid=yoQIgBH2lox3-,https://m.media-amazon.com/images/I/3156F+vWMUL._SX342_SY445_.jpg,"Fastrack Polarized Wayfarer Sunglasses (59)  (For Men, Grey)","₹2,273",https://www.flipkart.com/fastrack-wayfarer-sunglasses/p/itmfe7jyugfhgu7u?pid=SGLFE7GZWZGHJQZH&lid=LSTSGLFE7GZWZGHJQZHJLQ5DZ&marketplace=FLIPKART&q=fastrack+sunglasses&store=26x&srno=s_2_45&otracker=AS_QueryStore_OrganicAutoSuggest_1_12_na_na_na&otracker1=AS_QueryStore_OrganicAutoSuggest_1_12_na_na_na&fm=organic&iid=15441784-155a-4274-b4fc-2f3854cb2196.SGLFE7GZWZGHJQZH.SEARCH&ppt=None&ppn=None&ssid=vsi8sox03k0000001745052710773&qH=6c320ddeb59e61ac,https://rukminim2.flixcart.com/image/832/832/kmjhw280/sunglass/f/d/t/m-m183bk4p-fastrack-original-imagffh2rec5zjry.jpeg?q=70&crop=false,Fastrack Men Sports Sunglasses,Rs. 1080,https://www.myntra.com/sunglasses/fastrack/fastrack-men-sports-sunglasses-with-uv-protected-lens-p427wh6v/30439261/buy,"https://assets.myntassets.com/dpr_2,q_60,w_210,c_limit,fl_progressive/assets/images/2024/AUGUST/12/R6aDYIYQ_0b9586dd9d7840bab39bf325bb975855.jpg"
Fastrack Green Square 100% UV protected Sunglasses for Men,"₹2,250",https://www.amazon.in/Fastrack-Mirrored-Wayfarer-Mens-Sunglasses/dp/B01M5BFFMK/ref=sr_1_93?crid=13TAQ2XYK363D&dib=eyJ2IjoiMSJ9.lxpjWGksXApoqCI73a5LPu325eN4boByEMIAeIzhkn3Im0l5t_OFBIRF9bP4WSFh8c60RpKWfdd48STBvRniQn1SVzGrCKbXjW0eRT6Rmzia_ROA6RMomXzGrn_f0tfFteKGTeKxp_SKttuYCzDUTi5Y1opgxJFyZUJdQUKfUvXaRWBtzDs8WMbOY0ueq_jfs1NLfxUJ5bHXKciN4qVdQmqoEBv-XgYyMVHNRxp4UAGY2oCKrJO8_iUi0A1AI3kn1YDbS5WoxwRu2tFCEMiK5UIVvTi1T-VVF-KjCaCZP1s.jObC5KXh-CxvSXNre40yjJcjwogIA1G8cNPRZnPXQJY&dib_tag=se&keywords=fastrack+sunglasses&nsdOptOutParam=true&qid=1744921543&refinements=p_123%3A230542&rnid=91049095031&s=apparel&sprefix=fastrack+sunglasses+%2Capparel%2C223&sr=1-93&xpid=yoQIgBH2lox3-,https://m.media-amazon.com/images/I/41Is2oDBoHL._SX342_SY445_.jpg,"Fastrack UV Protection Wrap-around Sunglasses (60)  (For Men, Green)","₹1,188",https://www.flipkart.com/fastrack-wrap-around-sunglasses/p/itm835a1feb26879?pid=SGLFVNKEHYGSP7BN&lid=LSTSGLFVNKEHYGSP7BNPUOC3A&marketplace=FLIPKART&q=fastrack+sunglasses&store=26x&srno=s_2_65&otracker=AS_QueryStore_OrganicAutoSuggest_1_12_na_na_na&otracker1=AS_QueryStore_OrganicAutoSuggest_1_12_na_na_na&fm=organic&iid=15441784-155a-4274-b4fc-2f3854cb2196.SGLFVNKEHYGSP7BN.SEARCH&ppt=None&ppn=None&ssid=vsi8sox03k0000001745052710773&qH=6c320ddeb59e61ac,https://rukminim2.flixcart.com/image/832/832/kf4ajrk0-0/sunglass/g/r/j/new-wraparound-sunglass-large-fastrack-original-imafvnke7pzxzzny.jpeg?q=70&crop=false,Fastrack Men Square Sunglasses,Rs. 809,https://www.myntra.com/sunglasses/fastrack/fastrack-men-square-sunglasses-with-uv-protected-lens-p449bk3tv/30439288/buy,"https://assets.myntassets.com/dpr_2,q_60,w_210,c_limit,fl_progressive/assets/images/2024/AUGUST/8/s31QHIEf_c0c7665493ef44fb8736e3a8309cb6c1.jpg"
Fastrack Polarized Sporty Sunglasses for Men,"₹1,939",https://www.amazon.in/Fastrack-Protected-Sport-Mens-Sunglasses/dp/B077K1YG8H/ref=sr_1_98?crid=13TAQ2XYK363D&dib=eyJ2IjoiMSJ9.N-NeMVfI95ai_6a1Bdb4mi8qXtH72GVybz-x8_37X2C8ipXsskszqC7vy5YmJo5fcemDza7q43acF0spQuSyoxXlRJBWehqsI168rPWJLrytdfAvEpdcfD2sbHzaIAyXKeRAbOjOuT_pxrP-DejWsrcFhQf1EVjQmqiwq17Mn56f7zUt0HUA642VCDqYkinObVltSPLbP21-ebAta8NSoHwf9Ev9GVFaHZV0COTUrJRLNUpUoKaNNdMAQBJPhv4SmvKCtpBrA9XaAzasLDijRrZSoXekHNaLc6hRmQRaGXQ.J66ol8IVEuLsp32Q3zn4DwmYM1ZfNip_G8jGoUP7sy8&dib_tag=se&keywords=fastrack+sunglasses&nsdOptOutParam=true&qid=1744921774&refinements=p_123%3A230542&rnid=91049095031&s=apparel&sprefix=fastrack+sunglasses+%2Capparel%2C223&sr=1-98&xpid=yoQIgBH2lox3-,https://m.media-amazon.com/images/I/31XXINQREXL._SX342_SY445_.jpg,"Fastrack Polarized Wayfarer Sunglasses (59)  (For Men, Grey)","₹2,273",https://www.flipkart.com/fastrack-wayfarer-sunglasses/p/itmfe7jyugfhgu7u?pid=SGLFE7GZWZGHJQZH&lid=LSTSGLFE7GZWZGHJQZHJLQ5DZ&marketplace=FLIPKART&q=fastrack+sunglasses&store=26x&srno=s_2_45&otracker=AS_QueryStore_OrganicAutoSuggest_1_12_na_na_na&otracker1=AS_QueryStore_OrganicAutoSuggest_1_12_na_na_na&fm=organic&iid=15441784-155a-4274-b4fc-2f3854cb2196.SGLFE7GZWZGHJQZH.SEARCH&ppt=None&ppn=None&ssid=vsi8sox03k0000001745052710773&qH=6c320ddeb59e61ac,https://rukminim2.flixcart.com/image/832/832/kmjhw280/sunglass/f/d/t/m-m183bk4p-fastrack-original-imagffh2rec5zjry.jpeg?q=70&crop=false,Fastrack Men Sports Sunglasses,Rs. 1080,https://www.myntra.com/sunglasses/fastrack/fastrack-men-sports-sunglasses-with-uv-protected-lens-p427wh6v/30439261/buy,"https://assets.myntassets.com/dpr_2,q_60,w_210,c_limit,fl_progressive/assets/images/2024/AUGUST/12/R6aDYIYQ_0b9586dd9d7840bab39bf325bb975855.jpg"
Fastrack Black Round Gradient Sunglasses for Women,"₹2,699",https://www.amazon.in/Fastrack-Pilot-Green-Sunglasses-M227BK4G/dp/B07RTYDNVV/ref=sr_1_106?crid=13TAQ2XYK363D&dib=eyJ2IjoiMSJ9.N-NeMVfI95ai_6a1Bdb4mi8qXtH72GVybz-x8_37X2C8ipXsskszqC7vy5YmJo5fcemDza7q43acF0spQuSyoxXlRJBWehqsI168rPWJLrytdfAvEpdcfD2sbHzaIAyXKeRAbOjOuT_pxrP-DejWsrcFhQf1EVjQmqiwq17Mn56f7zUt0HUA642VCDqYkinObVltSPLbP21-ebAta8NSoHwf9Ev9GVFaHZV0COTUrJRLNUpUoKaNNdMAQBJPhv4SmvKCtpBrA9XaAzasLDijRrZSoXekHNaLc6hRmQRaGXQ.J66ol8IVEuLsp32Q3zn4DwmYM1ZfNip_G8jGoUP7sy8&dib_tag=se&keywords=fastrack+sunglasses&nsdOptOutParam=true&qid=1744921774&refinements=p_123%3A230542&rnid=91049095031&s=apparel&sprefix=fastrack+sunglasses+%2Capparel%2C223&sr=1-106&xpid=yoQIgBH2lox3-,https://m.media-amazon.com/images/I/31K9a1seXWL._SX342_SY445_.jpg,"Fastrack Gradient Round Sunglasses (Free Size)  (For Men & Women, Black)","₹1,521",https://www.flipkart.com/fastrack-round-sunglasses/p/itm740d38d78d422?pid=SGLGQJHANDYXE9EG&lid=LSTSGLGQJHANDYXE9EGEPXOX6&marketplace=FLIPKART&q=fastrack+sunglasses&store=26x&srno=s_1_28&otracker=AS_QueryStore_OrganicAutoSuggest_1_12_na_na_na&otracker1=AS_QueryStore_OrganicAutoSuggest_1_12_na_na_na&fm=organic&iid=85c2ca3f-af10-41fb-98aa-b41df4425deb.SGLGQJHANDYXE9EG.SEARCH&ppt=None&ppn=None&ssid=b1t91m6auo0000001745048323354&qH=6c320ddeb59e61ac,https://rukminim2.flixcart.com/image/832/832/xif0q/sunglass/i/z/n/m257gy9v-free-fastrack-original-imagqjh84xhf8cfa.jpeg?q=70&crop=false,Fastrack Women Round Sunglasses,Rs. 1890,https://www.myntra.com/sunglasses/fastrack/fastrack-women-round-sunglasses-with-uv-protected-lens-m274bl1v/32968550/buy,"https://assets.myntassets.com/dpr_2,q_60,w_210,c_limit,fl_progressive/assets/images/32968550/2025/3/26/3c6b76f6-2b26-4641-baf7-1a552a5e60c51742968550549-Fastrack-Women-Sunglasses-8481742968550296-1.jpg"
Fastrack Brown Square Polarised Sunglasses for Men,"₹2,183",https://www.amazon.in/Fastrack-Polarized-Wayfarer-Womens-Sunglasses/dp/B07QC7MRVW/ref=sr_1_110?crid=13TAQ2XYK363D&dib=eyJ2IjoiMSJ9.N-NeMVfI95ai_6a1Bdb4mi8qXtH72GVybz-x8_37X2C8ipXsskszqC7vy5YmJo5fcemDza7q43acF0spQuSyoxXlRJBWehqsI168rPWJLrytdfAvEpdcfD2sbHzaIAyXKeRAbOjOuT_pxrP-DejWsrcFhQf1EVjQmqiwq17Mn56f7zUt0HUA642VCDqYkinObVltSPLbP21-ebAta8NSoHwf9Ev9GVFaHZV0COTUrJRLNUpUoKaNNdMAQBJPhv4SmvKCtpBrA9XaAzasLDijRrZSoXekHNaLc6hRmQRaGXQ.J66ol8IVEuLsp32Q3zn4DwmYM1ZfNip_G8jGoUP7sy8&dib_tag=se&keywords=fastrack+sunglasses&nsdOptOutParam=true&qid=1744921774&refinements=p_123%3A230542&rnid=91049095031&s=apparel&sprefix=fastrack+sunglasses+%2Capparel%2C223&sr=1-110&xpid=yoQIgBH2lox3-,https://m.media-amazon.com/images/I/31fS-03XO1L._SX342_SY445_.jpg,"Fastrack Polarized Wayfarer Sunglasses (59)  (For Men, Grey)","₹2,273",https://www.flipkart.com/fastrack-wayfarer-sunglasses/p/itmfe7jyugfhgu7u?pid=SGLFE7GZWZGHJQZH&lid=LSTSGLFE7GZWZGHJQZHJLQ5DZ&marketplace=FLIPKART&q=fastrack+sunglasses&store=26x&srno=s_2_45&otracker=AS_QueryStore_OrganicAutoSuggest_1_12_na_na_na&otracker1=AS_QueryStore_OrganicAutoSuggest_1_12_na_na_na&fm=organic&iid=15441784-155a-4274-b4fc-2f3854cb2196.SGLFE7GZWZGHJQZH.SEARCH&ppt=None&ppn=None&ssid=vsi8sox03k0000001745052710773&qH=6c320ddeb59e61ac,https://rukminim2.flixcart.com/image/832/832/kmjhw280/sunglass/f/d/t/m-m183bk4p-fastrack-original-imagffh2rec5zjry.jpeg?q=70&crop=false,Fastrack Men Square Sunglasses,Rs. 809,https://www.myntra.com/sunglasses/fastrack/fastrack-men-square-sunglasses-with-uv-protected-lens-p449bk3tv/30439288/buy,"https://assets.myntassets.com/dpr_2,q_60,w_210,c_limit,fl_progressive/assets/images/2024/AUGUST/8/s31QHIEf_c0c7665493ef44fb8736e3a8309cb6c1.jpg"
Fastrack Brown Round 100% UV protected Sunglasses for Men,"₹2,829",https://www.amazon.in/Fastrack-Protected-Round-Mens-Sunglasses/dp/B01K4VJ4K6/ref=sr_1_118?crid=13TAQ2XYK363D&dib=eyJ2IjoiMSJ9.N-NeMVfI95ai_6a1Bdb4mi8qXtH72GVybz-x8_37X2C8ipXsskszqC7vy5YmJo5fcemDza7q43acF0spQuSyoxXlRJBWehqsI168rPWJLrytdfAvEpdcfD2sbHzaIAyXKeRAbOjOuT_pxrP-DejWsrcFhQf1EVjQmqiwq17Mn56f7zUt0HUA642VCDqYkinObVltSPLbP21-ebAta8NSoHwf9Ev9GVFaHZV0COTUrJRLNUpUoKaNNdMAQBJPhv4SmvKCtpBrA9XaAzasLDijRrZSoXekHNaLc6hRmQRaGXQ.J66ol8IVEuLsp32Q3zn4DwmYM1ZfNip_G8jGoUP7sy8&dib_tag=se&keywords=fastrack+sunglasses&nsdOptOutParam=true&qid=1744921774&refinements=p_123%3A230542&rnid=91049095031&s=apparel&sprefix=fastrack+sunglasses+%2Capparel%2C223&sr=1-118&xpid=yoQIgBH2lox3-,https://m.media-amazon.com/images/I/41jKDuftoIL._SX342_SY445_.jpg,"Fastrack UV Protection Round Sunglasses (52)  (For Men, Brown)",₹579,https://www.flipkart.com/fastrack-round-sunglasses/p/itmf1b98908d36a4?pid=SGLFHBY3Z7RQAYAX&lid=LSTSGLFHBY3Z7RQAYAXU9FIYZ&marketplace=FLIPKART&q=fastrack+sunglasses&store=26x&srno=s_1_34&otracker=AS_QueryStore_OrganicAutoSuggest_1_12_na_na_na&otracker1=AS_QueryStore_OrganicAutoSuggest_1_12_na_na_na&fm=organic&iid=85c2ca3f-af10-41fb-98aa-b41df4425deb.SGLFHBY3Z7RQAYAX.SEARCH&ppt=None&ppn=None&ssid=b1t91m6auo0000001745048323354&qH=6c320ddeb59e61ac,https://rukminim2.flixcart.com/image/832/832/k1v1h8w0/sunglass/y/a/x/52-p444br2-fastrack-original-imafhc9kxkscqxkb.jpeg?q=70&crop=false,Fastrack Men Round Sunglasses,Rs. 1529,https://www.myntra.com/sunglasses/fastrack/fastrack-men-round-sunglasses-with-polarised-and-uv-protected-lens-p383gr8pv/30439397/buy,"https://assets.myntassets.com/dpr_2,q_60,w_210,c_limit,fl_progressive/assets/images/30439397/2024/9/27/3c5bd308-9695-44ed-9643-27adb4dd83161727427672549-Fastrack-Men-Polarised-and-UV-Protected-Lens-Round-Sunglasse-1.jpg"
Fastrack Black Aviator Polarised Sunglasses for Men,"₹2,739",https://www.amazon.in/Fastrack-M221BK2P-from/dp/B08XBMWC15/ref=sr_1_134?crid=13TAQ2XYK363D&dib=eyJ2IjoiMSJ9.N-NeMVfI95ai_6a1Bdb4mi8qXtH72GVybz-x8_37X2C8ipXsskszqC7vy5YmJo5fcemDza7q43acF0spQuSyoxXlRJBWehqsI168rPWJLrytdfAvEpdcfD2sbHzaIAyXKeRAbOjOuT_pxrP-DejWsrcFhQf1EVjQmqiwq17Mn56f7zUt0HUA642VCDqYkinObVltSPLbP21-ebAta8NSoHwf9Ev9GVFaHZV0COTUrJRLNUpUoKaNNdMAQBJPhv4SmvKCtpBrA9XaAzasLDijRrZSoXekHNaLc6hRmQRaGXQ.J66ol8IVEuLsp32Q3zn4DwmYM1ZfNip_G8jGoUP7sy8&dib_tag=se&keywords=fastrack+sunglasses&nsdOptOutParam=true&qid=1744921774&refinements=p_123%3A230542&rnid=91049095031&s=apparel&sprefix=fastrack+sunglasses+%2Capparel%2C223&sr=1-134&xpid=yoQIgBH2lox3-,https://m.media-amazon.com/images/I/21B8o3GrTWS._SX342_SY445_.jpg,"Fastrack Polarized Aviator Sunglasses (Free Size)  (For Men & Women, Black)","₹2,849",https://www.flipkart.com/fastrack-aviator-sunglasses/p/itmfc7xqpczh6vjr?pid=SGLDNGSB7UMQQGGZ&lid=LSTSGLDNGSB7UMQQGGZ93CREA&marketplace=FLIPKART&q=fastrack+sunglasses&store=26x&srno=s_2_53&otracker=AS_QueryStore_OrganicAutoSuggest_1_12_na_na_na&otracker1=AS_QueryStore_OrganicAutoSuggest_1_12_na_na_na&fm=organic&iid=15441784-155a-4274-b4fc-2f3854cb2196.SGLDNGSB7UMQQGGZ.SEARCH&ppt=None&ppn=None&ssid=vsi8sox03k0000001745052710773&qH=6c320ddeb59e61ac,https://rukminim2.flixcart.com/image/832/832/jmxrwy80/sunglass/g/g/z/free-size-nbm062bk1-fastrack-original-imaf9qh3edepzmhc.jpeg?q=70&crop=false,Fastrack Men Aviator Sunglasses,Rs. 1440,https://www.myntra.com/sunglasses/fastrack/fastrack-men-uv-protected-lens-aviator-sunglasses---m242bk2tv/30439223/buy,"https://assets.myntassets.com/dpr_2,q_60,w_210,c_limit,fl_progressive/assets/images/2024/AUGUST/8/Ozz8WtsO_077217d0aaf24bd59daaf2a4058dc4fa.jpg"
Fastrack Wayfarer Women's Sunglasses (P182BK2F|Black),"₹2,200",https://www.amazon.in/Fastrack-Wayfarer-Womens-Sunglasses-P182BK2F/dp/B00IIGLLHE/ref=sr_1_149?crid=13TAQ2XYK363D&dib=eyJ2IjoiMSJ9.J-yfoOEIyOY5vnI8XD3Aks5zNNK-8zLXTWePHL8s1GRDGzUT0CeqTovywLcf09VIDqCZzUBL8Y5UDgPyXSFvlOi2PqjNpu9SgmsTC7H-fPJt6Hug_w19vqqgQ_Xa1QHJS_MQ3j6CDp6swDJuPkVdhU3IzkxopwmAd-j2xdU7IktmhokgSdyNEtqSWz2tsmx8ymaUzaIdtdwwyGZgaTxZvzgTNgrSKQOdUYYGi4PNf9Peil0KzQnEC9YeHrL-FbISugMTEGojDzuUHGkIhDpQ79qfInnrA7P1ISDMQEffCsw.RqwfdmWwJPXT0mx1Rv7SlMBL1VA4wRPUvRVPaq4tSkQ&dib_tag=se&keywords=fastrack+sunglasses&nsdOptOutParam=true&qid=1744922003&refinements=p_123%3A230542&rnid=91049095031&s=apparel&sprefix=fastrack+sunglasses+%2Capparel%2C223&sr=1-149&xpid=yoQIgBH2lox3-,https://m.media-amazon.com/images/I/31FeWjw6NqL._SX342_SY445_.jpg,"Fastrack UV Protection Wayfarer Sunglasses (53)  (For Men & Women, Black)","₹1,989",https://www.flipkart.com/fastrack-wayfarer-sunglasses/p/itmf3ykpk3dvfxcg?pid=SGLHFBQ2CCUWGYSM&lid=LSTSGLHFBQ2CCUWGYSMRNWF2L&marketplace=FLIPKART&q=fastrack+sunglasses&store=26x&srno=s_2_76&otracker=AS_QueryStore_OrganicAutoSuggest_1_12_na_na_na&otracker1=AS_QueryStore_OrganicAutoSuggest_1_12_na_na_na&fm=organic&iid=15441784-155a-4274-b4fc-2f3854cb2196.SGLHFBQ2CCUWGYSM.SEARCH&ppt=None&ppn=None&ssid=vsi8sox03k0000001745052710773&qH=6c320ddeb59e61ac,https://rukminim2.flixcart.com/image/832/832/xif0q/sunglass/3/4/8/53-p365gr2-fastrack-original-imahfbq2qananqhm.jpeg?q=70&crop=false,Fastrack Men Wayfarer Sunglasses,Rs. 1080,https://www.myntra.com/sunglasses/fastrack/fastrack-men-wayfarer-sunglasses-with-uv-protected-lens-p429bu11v/32968514/buy,"https://assets.myntassets.com/dpr_2,q_60,w_210,c_limit,fl_progressive/assets/images/32968514/2025/3/26/fd811934-5daa-4697-9e34-7c4bb0b2693b1742973138359-Fastrack-Men-Sunglasses-611742973138125-1.jpg"
Fastrack Men's Gradient Black Lens Sporty Sunglasses,"₹1,619.",https://www.amazon.in/Fastrack-Gradient-Black-Sporty-Sunglasses/dp/B0CKKQ9JDR/ref=sr_1_151?crid=13TAQ2XYK363D&dib=eyJ2IjoiMSJ9.J-yfoOEIyOY5vnI8XD3Aks5zNNK-8zLXTWePHL8s1GRDGzUT0CeqTovywLcf09VIDqCZzUBL8Y5UDgPyXSFvlOi2PqjNpu9SgmsTC7H-fPJt6Hug_w19vqqgQ_Xa1QHJS_MQ3j6CDp6swDJuPkVdhU3IzkxopwmAd-j2xdU7IktmhokgSdyNEtqSWz2tsmx8ymaUzaIdtdwwyGZgaTxZvzgTNgrSKQOdUYYGi4PNf9Peil0KzQnEC9YeHrL-FbISugMTEGojDzuUHGkIhDpQ79qfInnrA7P1ISDMQEffCsw.RqwfdmWwJPXT0mx1Rv7SlMBL1VA4wRPUvRVPaq4tSkQ&dib_tag=se&keywords=fastrack+sunglasses&nsdOptOutParam=true&qid=1744922003&refinements=p_123%3A230542&rnid=91049095031&s=apparel&sprefix=fastrack+sunglasses+%2Capparel%2C223&sr=1-151&xpid=yoQIgBH2lox3-,https://m.media-amazon.com/images/I/2191xCiqs9L._SX342_SY445_.jpg,"Fastrack Gradient Aviator Sunglasses (Free Size)  (For Men, Black)","₹2,099",https://www.flipkart.com/fastrack-aviator-sunglasses/p/itmd1ad18fbdf4fe?pid=SGLF7VNYFBHA6BQU&lid=LSTSGLF7VNYFBHA6BQUXXXCHJ&marketplace=FLIPKART&q=fastrack+sunglasses&store=26x&srno=s_2_75&otracker=AS_QueryStore_OrganicAutoSuggest_1_12_na_na_na&otracker1=AS_QueryStore_OrganicAutoSuggest_1_12_na_na_na&fm=organic&iid=15441784-155a-4274-b4fc-2f3854cb2196.SGLF7VNYFBHA6BQU.SEARCH&ppt=None&ppn=None&ssid=vsi8sox03k0000001745052710773&qH=6c320ddeb59e61ac,https://rukminim2.flixcart.com/image/832/832/xif0q/sunglass/k/3/b/58-m198bk4v-fastrack-original-imahamryzw8drn65.jpeg?q=70&crop=false,Fastrack Men Sports Sunglasses,Rs. 1080,https://www.myntra.com/sunglasses/fastrack/fastrack-men-sports-sunglasses-with-uv-protected-lens-p427wh6v/30439261/buy,"https://assets.myntassets.com/dpr_2,q_60,w_210,c_limit,fl_progressive/assets/images/2024/AUGUST/12/R6aDYIYQ_0b9586dd9d7840bab39bf325bb975855.jpg"
Fastrack Geometric Polarised Sunglasses for Men,"₹1,799",https://www.amazon.in/Fastrack-Protected-Rectangular-Sunglasses-P480BL1PV/dp/B0C2VV6HQM/ref=sr_1_161?crid=13TAQ2XYK363D&dib=eyJ2IjoiMSJ9.J-yfoOEIyOY5vnI8XD3Aks5zNNK-8zLXTWePHL8s1GRDGzUT0CeqTovywLcf09VIDqCZzUBL8Y5UDgPyXSFvlOi2PqjNpu9SgmsTC7H-fPJt6Hug_w19vqqgQ_Xa1QHJS_MQ3j6CDp6swDJuPkVdhU3IzkxopwmAd-j2xdU7IktmhokgSdyNEtqSWz2tsmx8ymaUzaIdtdwwyGZgaTxZvzgTNgrSKQOdUYYGi4PNf9Peil0KzQnEC9YeHrL-FbISugMTEGojDzuUHGkIhDpQ79qfInnrA7P1ISDMQEffCsw.RqwfdmWwJPXT0mx1Rv7SlMBL1VA4wRPUvRVPaq4tSkQ&dib_tag=se&keywords=fastrack+sunglasses&nsdOptOutParam=true&qid=1744922003&refinements=p_123%3A230542&rnid=91049095031&s=apparel&sprefix=fastrack+sunglasses+%2Capparel%2C223&sr=1-161&xpid=yoQIgBH2lox3-,https://m.media-amazon.com/images/I/314-B3jjMvL._SX342_SY445_.jpg,"Fastrack Polarized Wayfarer Sunglasses (59)  (For Men, Grey)","₹2,273",https://www.flipkart.com/fastrack-wayfarer-sunglasses/p/itmfe7jyugfhgu7u?pid=SGLFE7GZWZGHJQZH&lid=LSTSGLFE7GZWZGHJQZHJLQ5DZ&marketplace=FLIPKART&q=fastrack+sunglasses&store=26x&srno=s_2_45&otracker=AS_QueryStore_OrganicAutoSuggest_1_12_na_na_na&otracker1=AS_QueryStore_OrganicAutoSuggest_1_12_na_na_na&fm=organic&iid=15441784-155a-4274-b4fc-2f3854cb2196.SGLFE7GZWZGHJQZH.SEARCH&ppt=None&ppn=None&ssid=vsi8sox03k0000001745052710773&qH=6c320ddeb59e61ac,https://rukminim2.flixcart.com/image/832/832/kmjhw280/sunglass/f/d/t/m-m183bk4p-fastrack-original-imagffh2rec5zjry.jpeg?q=70&crop=false,Fastrack Men Square Sunglasses,Rs. 809,https://www.myntra.com/sunglasses/fastrack/fastrack-men-square-sunglasses-with-uv-protected-lens-p449bk3tv/30439288/buy,"https://assets.myntassets.com/dpr_2,q_60,w_210,c_limit,fl_progressive/assets/images/2024/AUGUST/8/s31QHIEf_c0c7665493ef44fb8736e3a8309cb6c1.jpg"
Fastrack Green Aviator Polarised Sunglasses for Men,"₹2,829",https://www.amazon.in/Fastrack-Polarised-Sunglasses-Microfiber-VisionsIndia/dp/B07S4C7L8V/ref=sr_1_169?crid=13TAQ2XYK363D&dib=eyJ2IjoiMSJ9.J-yfoOEIyOY5vnI8XD3Aks5zNNK-8zLXTWePHL8s1GRDGzUT0CeqTovywLcf09VIDqCZzUBL8Y5UDgPyXSFvlOi2PqjNpu9SgmsTC7H-fPJt6Hug_w19vqqgQ_Xa1QHJS_MQ3j6CDp6swDJuPkVdhU3IzkxopwmAd-j2xdU7IktmhokgSdyNEtqSWz2tsmx8ymaUzaIdtdwwyGZgaTxZvzgTNgrSKQOdUYYGi4PNf9Peil0KzQnEC9YeHrL-FbISugMTEGojDzuUHGkIhDpQ79qfInnrA7P1ISDMQEffCsw.RqwfdmWwJPXT0mx1Rv7SlMBL1VA4wRPUvRVPaq4tSkQ&dib_tag=se&keywords=fastrack+sunglasses&nsdOptOutParam=true&qid=1744922003&refinements=p_123%3A230542&rnid=91049095031&s=apparel&sprefix=fastrack+sunglasses+%2Capparel%2C223&sr=1-169&xpid=yoQIgBH2lox3-,https://m.media-amazon.com/images/I/31B9XSEaOnL._SX342_SY445_.jpg,"Fastrack Polarized Aviator Sunglasses (64)  (For Men, Green)","₹2,910",https://www.flipkart.com/fastrack-aviator-sunglasses/p/itmebd2cbfbd8711?pid=SGLFEH2UHZRTJFKE&lid=LSTSGLFEH2UHZRTJFKEJROWX3&marketplace=FLIPKART&q=fastrack+sunglasses&store=26x&srno=s_2_73&otracker=AS_QueryStore_OrganicAutoSuggest_1_12_na_na_na&otracker1=AS_QueryStore_OrganicAutoSuggest_1_12_na_na_na&fm=organic&iid=15441784-155a-4274-b4fc-2f3854cb2196.SGLFEH2UHZRTJFKE.SEARCH&ppt=None&ppn=None&ssid=vsi8sox03k0000001745052710773&qH=6c320ddeb59e61ac,https://rukminim2.flixcart.com/image/832/832/kuczmvk0/sunglass/y/o/c/m050gr3v-64-fastrack-original-imag7hsrbn4c8f6z.jpeg?q=70&crop=false,Fastrack Men Aviator Sunglasses,Rs. 1440,https://www.myntra.com/sunglasses/fastrack/fastrack-men-uv-protected-lens-aviator-sunglasses---m242bk2tv/30439223/buy,"https://assets.myntassets.com/dpr_2,q_60,w_210,c_limit,fl_progressive/assets/images/2024/AUGUST/8/Ozz8WtsO_077217d0aaf24bd59daaf2a4058dc4fa.jpg"
Fastrack Black Round Polarised Sunglasses for Men,"₹2,807",https://www.amazon.in/Fastrack-Polarized-Round-Mens-Sunglasses/dp/B07QG162ZB/ref=sr_1_171?crid=13TAQ2XYK363D&dib=eyJ2IjoiMSJ9.J-yfoOEIyOY5vnI8XD3Aks5zNNK-8zLXTWePHL8s1GRDGzUT0CeqTovywLcf09VIDqCZzUBL8Y5UDgPyXSFvlOi2PqjNpu9SgmsTC7H-fPJt6Hug_w19vqqgQ_Xa1QHJS_MQ3j6CDp6swDJuPkVdhU3IzkxopwmAd-j2xdU7IktmhokgSdyNEtqSWz2tsmx8ymaUzaIdtdwwyGZgaTxZvzgTNgrSKQOdUYYGi4PNf9Peil0KzQnEC9YeHrL-FbISugMTEGojDzuUHGkIhDpQ79qfInnrA7P1ISDMQEffCsw.RqwfdmWwJPXT0mx1Rv7SlMBL1VA4wRPUvRVPaq4tSkQ&dib_tag=se&keywords=fastrack+sunglasses&nsdOptOutParam=true&qid=1744922003&refinements=p_123%3A230542&rnid=91049095031&s=apparel&sprefix=fastrack+sunglasses+%2Capparel%2C223&sr=1-171&xpid=yoQIgBH2lox3-,https://m.media-amazon.com/images/I/31tfqOBAP0L._SX342_SY445_.jpg,"Fastrack UV Protection Round Sunglasses (52)  (For Men, Black)",₹579,https://www.flipkart.com/fastrack-round-sunglasses/p/itm68e66b4db7c72?pid=SGLFHBY3NYEK8WVC&lid=LSTSGLFHBY3NYEK8WVCNV5K9Y&marketplace=FLIPKART&q=fastrack+sunglasses&store=26x&srno=s_1_13&otracker=AS_QueryStore_OrganicAutoSuggest_1_12_na_na_na&otracker1=AS_QueryStore_OrganicAutoSuggest_1_12_na_na_na&fm=organic&iid=85c2ca3f-af10-41fb-98aa-b41df4425deb.SGLFHBY3NYEK8WVC.SEARCH&ppt=None&ppn=None&ssid=b1t91m6auo0000001745048323354&qH=6c320ddeb59e61ac,https://rukminim2.flixcart.com/image/832/832/k1v1h8w0/sunglass/w/v/c/52-p444bk3-fastrack-original-imafhc9kuxzu6trs.jpeg?q=70&crop=false,Fastrack Men Round Sunglasses,Rs. 1529,https://www.myntra.com/sunglasses/fastrack/fastrack-men-round-sunglasses-with-polarised-and-uv-protected-lens-p383gr8pv/30439397/buy,"https://assets.myntassets.com/dpr_2,q_60,w_210,c_limit,fl_progressive/assets/images/30439397/2024/9/27/3c5bd308-9695-44ed-9643-27adb4dd83161727427672549-Fastrack-Men-Polarised-and-UV-Protected-Lens-Round-Sunglasse-1.jpg"
Fastrack Blue Round 100% UV protected Sunglasses for Men,"₹2,699",https://www.amazon.in/Fastrack-Protected-Round-Mens-Sunglasses/dp/B01K4VJ4LK/ref=sr_1_180?crid=13TAQ2XYK363D&dib=eyJ2IjoiMSJ9.J-yfoOEIyOY5vnI8XD3Aks5zNNK-8zLXTWePHL8s1GRDGzUT0CeqTovywLcf09VIDqCZzUBL8Y5UDgPyXSFvlOi2PqjNpu9SgmsTC7H-fPJt6Hug_w19vqqgQ_Xa1QHJS_MQ3j6CDp6swDJuPkVdhU3IzkxopwmAd-j2xdU7IktmhokgSdyNEtqSWz2tsmx8ymaUzaIdtdwwyGZgaTxZvzgTNgrSKQOdUYYGi4PNf9Peil0KzQnEC9YeHrL-FbISugMTEGojDzuUHGkIhDpQ79qfInnrA7P1ISDMQEffCsw.RqwfdmWwJPXT0mx1Rv7SlMBL1VA4wRPUvRVPaq4tSkQ&dib_tag=se&keywords=fastrack+sunglasses&nsdOptOutParam=true&qid=1744922003&refinements=p_123%3A230542&rnid=91049095031&s=apparel&sprefix=fastrack+sunglasses+%2Capparel%2C223&sr=1-180&xpid=yoQIgBH2lox3-,https://m.media-amazon.com/images/I/41P3FaGGghL._SX342_SY445_.jpg,"Fastrack UV Protection Wayfarer Sunglasses (58)  (For Men, Blue)",₹869,https://www.flipkart.com/fastrack-wayfarer-sunglasses/p/itmae1e26d526927?pid=SGLFQD8YJKQGVYKF&lid=LSTSGLFQD8YJKQGVYKFKQNNCU&marketplace=FLIPKART&q=fastrack+sunglasses&store=26x&srno=s_1_16&otracker=AS_QueryStore_OrganicAutoSuggest_1_12_na_na_na&otracker1=AS_QueryStore_OrganicAutoSuggest_1_12_na_na_na&fm=organic&iid=85c2ca3f-af10-41fb-98aa-b41df4425deb.SGLFQD8YJKQGVYKF.SEARCH&ppt=None&ppn=None&ssid=b1t91m6auo0000001745048323354&qH=6c320ddeb59e61ac,https://rukminim2.flixcart.com/image/832/832/kg8avm80-0/sunglass/m/f/3/p429bu7-l-fastrack-original-imafwgdkpbfvfzth.jpeg?q=70&crop=false,Fastrack Men Round Sunglasses,Rs. 1529,https://www.myntra.com/sunglasses/fastrack/fastrack-men-round-sunglasses-with-polarised-and-uv-protected-lens-p383gr8pv/30439397/buy,"https://assets.myntassets.com/dpr_2,q_60,w_210,c_limit,fl_progressive/assets/images/30439397/2024/9/27/3c5bd308-9695-44ed-9643-27adb4dd83161727427672549-Fastrack-Men-Polarised-and-UV-Protected-Lens-Round-Sunglasse-1.jpg"
Fastrack Brown Aviator 100% UV protected Sunglasses for Men,"₹2,829",https://www.amazon.in/Fastrack-Sundowner-Protected-Aviator-Sunglasses/dp/B01E3DA4FU/ref=sr_1_184?crid=13TAQ2XYK363D&dib=eyJ2IjoiMSJ9.J-yfoOEIyOY5vnI8XD3Aks5zNNK-8zLXTWePHL8s1GRDGzUT0CeqTovywLcf09VIDqCZzUBL8Y5UDgPyXSFvlOi2PqjNpu9SgmsTC7H-fPJt6Hug_w19vqqgQ_Xa1QHJS_MQ3j6CDp6swDJuPkVdhU3IzkxopwmAd-j2xdU7IktmhokgSdyNEtqSWz2tsmx8ymaUzaIdtdwwyGZgaTxZvzgTNgrSKQOdUYYGi4PNf9Peil0KzQnEC9YeHrL-FbISugMTEGojDzuUHGkIhDpQ79qfInnrA7P1ISDMQEffCsw.RqwfdmWwJPXT0mx1Rv7SlMBL1VA4wRPUvRVPaq4tSkQ&dib_tag=se&keywords=fastrack+sunglasses&nsdOptOutParam=true&qid=1744922003&refinements=p_123%3A230542&rnid=91049095031&s=apparel&sprefix=fastrack+sunglasses+%2Capparel%2C223&sr=1-184&xpid=yoQIgBH2lox3-,https://m.media-amazon.com/images/I/31ushuFGDIL._SX342_SY445_.jpg,"Fastrack UV Protection Aviator Sunglasses (58)  (For Men & Women, Brown)",₹929,https://www.flipkart.com/fastrack-aviator-sunglasses/p/itm31dc0ae7bd481?pid=SGLFKYGHGZU6HVNG&lid=LSTSGLFKYGHGZU6HVNGJQICUF&marketplace=FLIPKART&q=fastrack+sunglasses&store=26x&srno=s_1_15&otracker=AS_QueryStore_OrganicAutoSuggest_1_12_na_na_na&otracker1=AS_QueryStore_OrganicAutoSuggest_1_12_na_na_na&fm=organic&iid=85c2ca3f-af10-41fb-98aa-b41df4425deb.SGLFKYGHGZU6HVNG.SEARCH&ppt=None&ppn=None&ssid=b1t91m6auo0000001745048323354&qH=6c320ddeb59e61ac,https://rukminim2.flixcart.com/image/832/832/xif0q/sunglass/t/2/c/m242br1tv-l-fastrack-original-imagzws2xbp6876g.jpeg?q=70&crop=false,Fastrack Men Aviator Sunglasses,Rs. 1440,https://www.myntra.com/sunglasses/fastrack/fastrack-men-uv-protected-lens-aviator-sunglasses---m242bk2tv/30439223/buy,"https://assets.myntassets.com/dpr_2,q_60,w_210,c_limit,fl_progressive/assets/images/2024/AUGUST/8/Ozz8WtsO_077217d0aaf24bd59daaf2a4058dc4fa.jpg"
Fastrack Black Aviator 100% UV protected Sunglasses for Men,"₹2,399",https://www.amazon.in/Fastrack-Gradient-Aviator-Mens-Sunglasses/dp/B01M9B2TNF/ref=sr_1_189?crid=13TAQ2XYK363D&dib=eyJ2IjoiMSJ9.J-yfoOEIyOY5vnI8XD3Aks5zNNK-8zLXTWePHL8s1GRDGzUT0CeqTovywLcf09VIDqCZzUBL8Y5UDgPyXSFvlOi2PqjNpu9SgmsTC7H-fPJt6Hug_w19vqqgQ_Xa1QHJS_MQ3j6CDp6swDJuPkVdhU3IzkxopwmAd-j2xdU7IktmhokgSdyNEtqSWz2tsmx8ymaUzaIdtdwwyGZgaTxZvzgTNgrSKQOdUYYGi4PNf9Peil0KzQnEC9YeHrL-FbISugMTEGojDzuUHGkIhDpQ79qfInnrA7P1ISDMQEffCsw.RqwfdmWwJPXT0mx1Rv7SlMBL1VA4wRPUvRVPaq4tSkQ&dib_tag=se&keywords=fastrack+sunglasses&nsdOptOutParam=true&qid=1744922003&refinements=p_123%3A230542&rnid=91049095031&s=apparel&sprefix=fastrack+sunglasses+%2Capparel%2C223&sr=1-189&xpid=yoQIgBH2lox3-,https://m.media-amazon.com/images/I/41vE2Mn+LGL._SX342_SY445_.jpg,"Fastrack UV Protection Aviator Sunglasses (58)  (For Men, Black)","₹2,033",https://www.flipkart.com/fastrack-aviator-sunglasses/p/itmf7vnfbzrhpgwp?pid=SGLF7VNYERZDHMFG&lid=LSTSGLF7VNYERZDHMFG1F8RDY&marketplace=FLIPKART&q=fastrack+sunglasses&store=26x&srno=s_2_72&otracker=AS_QueryStore_OrganicAutoSuggest_1_12_na_na_na&otracker1=AS_QueryStore_OrganicAutoSuggest_1_12_na_na_na&fm=organic&iid=15441784-155a-4274-b4fc-2f3854cb2196.SGLF7VNYERZDHMFG.SEARCH&ppt=None&ppn=None&ssid=vsi8sox03k0000001745052710773&qH=6c320ddeb59e61ac,https://rukminim2.flixcart.com/image/832/832/xif0q/sunglass/r/o/o/58-m198sl5-fastrack-original-imahamryxyddn6jf.jpeg?q=70&crop=false,Fastrack Men Aviator Sunglasses,Rs. 1440,https://www.myntra.com/sunglasses/fastrack/fastrack-men-uv-protected-lens-aviator-sunglasses---m242bk2tv/30439223/buy,"https://assets.myntassets.com/dpr_2,q_60,w_210,c_limit,fl_progressive/assets/images/2024/AUGUST/8/Ozz8WtsO_077217d0aaf24bd59daaf2a4058dc4fa.jpg"
Fastrack Black Aviator Polarised Sunglasses for Men,"₹2,200",https://www.amazon.in/Fastrack-Aviator-Polarized-Sunglasses-Fast-M229BK3P/dp/B07V5ZB262/ref=sr_1_190?crid=13TAQ2XYK363D&dib=eyJ2IjoiMSJ9.J-yfoOEIyOY5vnI8XD3Aks5zNNK-8zLXTWePHL8s1GRDGzUT0CeqTovywLcf09VIDqCZzUBL8Y5UDgPyXSFvlOi2PqjNpu9SgmsTC7H-fPJt6Hug_w19vqqgQ_Xa1QHJS_MQ3j6CDp6swDJuPkVdhU3IzkxopwmAd-j2xdU7IktmhokgSdyNEtqSWz2tsmx8ymaUzaIdtdwwyGZgaTxZvzgTNgrSKQOdUYYGi4PNf9Peil0KzQnEC9YeHrL-FbISugMTEGojDzuUHGkIhDpQ79qfInnrA7P1ISDMQEffCsw.RqwfdmWwJPXT0mx1Rv7SlMBL1VA4wRPUvRVPaq4tSkQ&dib_tag=se&keywords=fastrack+sunglasses&nsdOptOutParam=true&qid=1744922003&refinements=p_123%3A230542&rnid=91049095031&s=apparel&sprefix=fastrack+sunglasses+%2Capparel%2C223&sr=1-190&xpid=yoQIgBH2lox3-,https://m.media-amazon.com/images/I/31hk-0C-YWL._SX395_SY395_.jpg,"Fastrack Polarized Aviator Sunglasses (Free Size)  (For Men & Women, Black)","₹2,849",https://www.flipkart.com/fastrack-aviator-sunglasses/p/itmfc7xqpczh6vjr?pid=SGLDNGSB7UMQQGGZ&lid=LSTSGLDNGSB7UMQQGGZ93CREA&marketplace=FLIPKART&q=fastrack+sunglasses&store=26x&srno=s_2_53&otracker=AS_QueryStore_OrganicAutoSuggest_1_12_na_na_na&otracker1=AS_QueryStore_OrganicAutoSuggest_1_12_na_na_na&fm=organic&iid=15441784-155a-4274-b4fc-2f3854cb2196.SGLDNGSB7UMQQGGZ.SEARCH&ppt=None&ppn=None&ssid=vsi8sox03k0000001745052710773&qH=6c320ddeb59e61ac,https://rukminim2.flixcart.com/image/832/832/jmxrwy80/sunglass/g/g/z/free-size-nbm062bk1-fastrack-original-imaf9qh3edepzmhc.jpeg?q=70&crop=false,Fastrack Men Aviator Sunglasses,Rs. 1440,https://www.myntra.com/sunglasses/fastrack/fastrack-men-uv-protected-lens-aviator-sunglasses---m242bk2tv/30439223/buy,"https://assets.myntassets.com/dpr_2,q_60,w_210,c_limit,fl_progressive/assets/images/2024/AUGUST/8/Ozz8WtsO_077217d0aaf24bd59daaf2a4058dc4fa.jpg"
Fastrack Brown Aviator 100% UV protected Sunglasses for Men,"₹2,829",https://www.amazon.in/Fastrack-Sundowner-Protected-Aviator-Sunglasses/dp/B01E3DA4FU/ref=sr_1_193?crid=13TAQ2XYK363D&dib=eyJ2IjoiMSJ9.81SmSrkRdxCeeD0g3en7SYE_w5PyrF08bbOmQocLO3a1xFIysQD2LDBAgZQITrr21Wjb-j4PT-eDoBeeEm0kKzFHyB4XDp4_ppDRCs8A0FNAkrCl5_uAS4wOVdzfP8q7bIWlHPxdpjGGhgYLmVSXtHIQxk_z20dtRHEMrIm7_RZoP9aob5egBSKjefQC0Tqii8rksaG476zge71yqs4ArCWptrzl8P7qLlBd2zdHQszLYZqVZHQaieCJQiXfaQAwdubvW5K7sfRf9ziuS5NnvyHS3y-aI5JpmeaPVlaNqQ0.Hr-x-rgIVwRAhLaamMx3AZhuavg6_UEpLvO5o_Gcq88&dib_tag=se&keywords=fastrack+sunglasses&nsdOptOutParam=true&qid=1744922234&refinements=p_123%3A230542&rnid=91049095031&s=apparel&sprefix=fastrack+sunglasses+%2Capparel%2C223&sr=1-193&xpid=yoQIgBH2lox3-,https://m.media-amazon.com/images/I/31ushuFGDIL._SX342_SY445_.jpg,"Fastrack UV Protection Aviator Sunglasses (58)  (For Men & Women, Brown)",₹929,https://www.flipkart.com/fastrack-aviator-sunglasses/p/itm31dc0ae7bd481?pid=SGLFKYGHGZU6HVNG&lid=LSTSGLFKYGHGZU6HVNGJQICUF&marketplace=FLIPKART&q=fastrack+sunglasses&store=26x&srno=s_1_15&otracker=AS_QueryStore_OrganicAutoSuggest_1_12_na_na_na&otracker1=AS_QueryStore_OrganicAutoSuggest_1_12_na_na_na&fm=organic&iid=85c2ca3f-af10-41fb-98aa-b41df4425deb.SGLFKYGHGZU6HVNG.SEARCH&ppt=None&ppn=None&ssid=b1t91m6auo0000001745048323354&qH=6c320ddeb59e61ac,https://rukminim2.flixcart.com/image/832/832/xif0q/sunglass/t/2/c/m242br1tv-l-fastrack-original-imagzws2xbp6876g.jpeg?q=70&crop=false,Fastrack Men Aviator Sunglasses,Rs. 1440,https://www.myntra.com/sunglasses/fastrack/fastrack-men-uv-protected-lens-aviator-sunglasses---m242bk2tv/30439223/buy,"https://assets.myntassets.com/dpr_2,q_60,w_210,c_limit,fl_progressive/assets/images/2024/AUGUST/8/Ozz8WtsO_077217d0aaf24bd59daaf2a4058dc4fa.jpg"
Fastrack Black Aviator 100% UV protected Sunglasses for Men,"₹2,399",https://www.amazon.in/Fastrack-Gradient-Aviator-Mens-Sunglasses/dp/B01M9B2TNF/ref=sr_1_198?crid=13TAQ2XYK363D&dib=eyJ2IjoiMSJ9.81SmSrkRdxCeeD0g3en7SYE_w5PyrF08bbOmQocLO3a1xFIysQD2LDBAgZQITrr21Wjb-j4PT-eDoBeeEm0kKzFHyB4XDp4_ppDRCs8A0FNAkrCl5_uAS4wOVdzfP8q7bIWlHPxdpjGGhgYLmVSXtHIQxk_z20dtRHEMrIm7_RZoP9aob5egBSKjefQC0Tqii8rksaG476zge71yqs4ArCWptrzl8P7qLlBd2zdHQszLYZqVZHQaieCJQiXfaQAwdubvW5K7sfRf9ziuS5NnvyHS3y-aI5JpmeaPVlaNqQ0.Hr-x-rgIVwRAhLaamMx3AZhuavg6_UEpLvO5o_Gcq88&dib_tag=se&keywords=fastrack+sunglasses&nsdOptOutParam=true&qid=1744922234&refinements=p_123%3A230542&rnid=91049095031&s=apparel&sprefix=fastrack+sunglasses+%2Capparel%2C223&sr=1-198&xpid=yoQIgBH2lox3-,https://m.media-amazon.com/images/I/41vE2Mn+LGL._SX342_SY445_.jpg,"Fastrack UV Protection Aviator Sunglasses (58)  (For Men, Black)","₹2,033",https://www.flipkart.com/fastrack-aviator-sunglasses/p/itmf7vnfbzrhpgwp?pid=SGLF7VNYERZDHMFG&lid=LSTSGLF7VNYERZDHMFG1F8RDY&marketplace=FLIPKART&q=fastrack+sunglasses&store=26x&srno=s_2_72&otracker=AS_QueryStore_OrganicAutoSuggest_1_12_na_na_na&otracker1=AS_QueryStore_OrganicAutoSuggest_1_12_na_na_na&fm=organic&iid=15441784-155a-4274-b4fc-2f3854cb2196.SGLF7VNYERZDHMFG.SEARCH&ppt=None&ppn=None&ssid=vsi8sox03k0000001745052710773&qH=6c320ddeb59e61ac,https://rukminim2.flixcart.com/image/832/832/xif0q/sunglass/r/o/o/58-m198sl5-fastrack-original-imahamryxyddn6jf.jpeg?q=70&crop=false,Fastrack Men Aviator Sunglasses,Rs. 1440,https://www.myntra.com/sunglasses/fastrack/fastrack-men-uv-protected-lens-aviator-sunglasses---m242bk2tv/30439223/buy,"https://assets.myntassets.com/dpr_2,q_60,w_210,c_limit,fl_progressive/assets/images/2024/AUGUST/8/Ozz8WtsO_077217d0aaf24bd59daaf2a4058dc4fa.jpg"
Fastrack Men's Polarized Black Lens Sporty Sunglasses,"₹1,088.",https://www.amazon.in/Fastrack-Polarized-Black-Sporty-Sunglasses/dp/B0CKKTMGSS/ref=sr_1_200?crid=13TAQ2XYK363D&dib=eyJ2IjoiMSJ9.81SmSrkRdxCeeD0g3en7SYE_w5PyrF08bbOmQocLO3a1xFIysQD2LDBAgZQITrr21Wjb-j4PT-eDoBeeEm0kKzFHyB4XDp4_ppDRCs8A0FNAkrCl5_uAS4wOVdzfP8q7bIWlHPxdpjGGhgYLmVSXtHIQxk_z20dtRHEMrIm7_RZoP9aob5egBSKjefQC0Tqii8rksaG476zge71yqs4ArCWptrzl8P7qLlBd2zdHQszLYZqVZHQaieCJQiXfaQAwdubvW5K7sfRf9ziuS5NnvyHS3y-aI5JpmeaPVlaNqQ0.Hr-x-rgIVwRAhLaamMx3AZhuavg6_UEpLvO5o_Gcq88&dib_tag=se&keywords=fastrack+sunglasses&nsdOptOutParam=true&qid=1744922234&refinements=p_123%3A230542&rnid=91049095031&s=apparel&sprefix=fastrack+sunglasses+%2Capparel%2C223&sr=1-200&xpid=yoQIgBH2lox3-,https://m.media-amazon.com/images/I/21YtPaOMllL._SX342_SY445_.jpg,"Fastrack Polarized Aviator Sunglasses (64)  (For Men, Green)","₹2,910",https://www.flipkart.com/fastrack-aviator-sunglasses/p/itmebd2cbfbd8711?pid=SGLFEH2UHZRTJFKE&lid=LSTSGLFEH2UHZRTJFKEJROWX3&marketplace=FLIPKART&q=fastrack+sunglasses&store=26x&srno=s_2_73&otracker=AS_QueryStore_OrganicAutoSuggest_1_12_na_na_na&otracker1=AS_QueryStore_OrganicAutoSuggest_1_12_na_na_na&fm=organic&iid=15441784-155a-4274-b4fc-2f3854cb2196.SGLFEH2UHZRTJFKE.SEARCH&ppt=None&ppn=None&ssid=vsi8sox03k0000001745052710773&qH=6c320ddeb59e61ac,https://rukminim2.flixcart.com/image/832/832/kuczmvk0/sunglass/y/o/c/m050gr3v-64-fastrack-original-imag7hsrbn4c8f6z.jpeg?q=70&crop=false,Fastrack Men Sports Sunglasses,Rs. 1080,https://www.myntra.com/sunglasses/fastrack/fastrack-men-sports-sunglasses-with-uv-protected-lens-p427wh6v/30439261/buy,"https://assets.myntassets.com/dpr_2,q_60,w_210,c_limit,fl_progressive/assets/images/2024/AUGUST/12/R6aDYIYQ_0b9586dd9d7840bab39bf325bb975855.jpg"
Fastrack Brown Round 100% UV protected Sunglasses for Men,"₹2,600",https://www.amazon.in/Fastrack-Protected-Goggle-Womens-Sunglasses/dp/B07QHKGYR2/ref=sr_1_209?crid=13TAQ2XYK363D&dib=eyJ2IjoiMSJ9.81SmSrkRdxCeeD0g3en7SYE_w5PyrF08bbOmQocLO3a1xFIysQD2LDBAgZQITrr21Wjb-j4PT-eDoBeeEm0kKzFHyB4XDp4_ppDRCs8A0FNAkrCl5_uAS4wOVdzfP8q7bIWlHPxdpjGGhgYLmVSXtHIQxk_z20dtRHEMrIm7_RZoP9aob5egBSKjefQC0Tqii8rksaG476zge71yqs4ArCWptrzl8P7qLlBd2zdHQszLYZqVZHQaieCJQiXfaQAwdubvW5K7sfRf9ziuS5NnvyHS3y-aI5JpmeaPVlaNqQ0.Hr-x-rgIVwRAhLaamMx3AZhuavg6_UEpLvO5o_Gcq88&dib_tag=se&keywords=fastrack+sunglasses&nsdOptOutParam=true&qid=1744922234&refinements=p_123%3A230542&rnid=91049095031&s=apparel&sprefix=fastrack+sunglasses+%2Capparel%2C223&sr=1-209&xpid=yoQIgBH2lox3-,https://m.media-amazon.com/images/I/312zBufq0TL._SX342_SY445_.jpg,"Fastrack UV Protection Round Sunglasses (52)  (For Men, Brown)",₹579,https://www.flipkart.com/fastrack-round-sunglasses/p/itmf1b98908d36a4?pid=SGLFHBY3Z7RQAYAX&lid=LSTSGLFHBY3Z7RQAYAXU9FIYZ&marketplace=FLIPKART&q=fastrack+sunglasses&store=26x&srno=s_1_34&otracker=AS_QueryStore_OrganicAutoSuggest_1_12_na_na_na&otracker1=AS_QueryStore_OrganicAutoSuggest_1_12_na_na_na&fm=organic&iid=85c2ca3f-af10-41fb-98aa-b41df4425deb.SGLFHBY3Z7RQAYAX.SEARCH&ppt=None&ppn=None&ssid=b1t91m6auo0000001745048323354&qH=6c320ddeb59e61ac,https://rukminim2.flixcart.com/image/832/832/k1v1h8w0/sunglass/y/a/x/52-p444br2-fastrack-original-imafhc9kxkscqxkb.jpeg?q=70&crop=false,Fastrack Men Round Sunglasses,Rs. 1529,https://www.myntra.com/sunglasses/fastrack/fastrack-men-round-sunglasses-with-polarised-and-uv-protected-lens-p383gr8pv/30439397/buy,"https://assets.myntassets.com/dpr_2,q_60,w_210,c_limit,fl_progressive/assets/images/30439397/2024/9/27/3c5bd308-9695-44ed-9643-27adb4dd83161727427672549-Fastrack-Men-Polarised-and-UV-Protected-Lens-Round-Sunglasse-1.jpg"
Fastrack Grey Round 100% UV protected Sunglasses for Men,"₹2,699",https://www.amazon.in/Fastrack-P239BK1-Wayfarer-Sunglasses/dp/B00INVRDIA/ref=sr_1_229?crid=13TAQ2XYK363D&dib=eyJ2IjoiMSJ9.81SmSrkRdxCeeD0g3en7SYE_w5PyrF08bbOmQocLO3a1xFIysQD2LDBAgZQITrr21Wjb-j4PT-eDoBeeEm0kKzFHyB4XDp4_ppDRCs8A0FNAkrCl5_uAS4wOVdzfP8q7bIWlHPxdpjGGhgYLmVSXtHIQxk_z20dtRHEMrIm7_RZoP9aob5egBSKjefQC0Tqii8rksaG476zge71yqs4ArCWptrzl8P7qLlBd2zdHQszLYZqVZHQaieCJQiXfaQAwdubvW5K7sfRf9ziuS5NnvyHS3y-aI5JpmeaPVlaNqQ0.Hr-x-rgIVwRAhLaamMx3AZhuavg6_UEpLvO5o_Gcq88&dib_tag=se&keywords=fastrack+sunglasses&nsdOptOutParam=true&qid=1744922234&refinements=p_123%3A230542&rnid=91049095031&s=apparel&sprefix=fastrack+sunglasses+%2Capparel%2C223&sr=1-229&xpid=yoQIgBH2lox3-,https://m.media-amazon.com/images/I/417UW80FFqL._SX342_SY445_.jpg,"Fastrack UV Protection Wrap-around Sunglasses (60)  (For Men, Green)","₹1,188",https://www.flipkart.com/fastrack-wrap-around-sunglasses/p/itm835a1feb26879?pid=SGLFVNKEHYGSP7BN&lid=LSTSGLFVNKEHYGSP7BNPUOC3A&marketplace=FLIPKART&q=fastrack+sunglasses&store=26x&srno=s_2_65&otracker=AS_QueryStore_OrganicAutoSuggest_1_12_na_na_na&otracker1=AS_QueryStore_OrganicAutoSuggest_1_12_na_na_na&fm=organic&iid=15441784-155a-4274-b4fc-2f3854cb2196.SGLFVNKEHYGSP7BN.SEARCH&ppt=None&ppn=None&ssid=vsi8sox03k0000001745052710773&qH=6c320ddeb59e61ac,https://rukminim2.flixcart.com/image/832/832/kf4ajrk0-0/sunglass/g/r/j/new-wraparound-sunglass-large-fastrack-original-imafvnke7pzxzzny.jpeg?q=70&crop=false,Fastrack Men Round Sunglasses,Rs. 1529,https://www.myntra.com/sunglasses/fastrack/fastrack-men-round-sunglasses-with-polarised-and-uv-protected-lens-p383gr8pv/30439397/buy,"https://assets.myntassets.com/dpr_2,q_60,w_210,c_limit,fl_progressive/assets/images/30439397/2024/9/27/3c5bd308-9695-44ed-9643-27adb4dd83161727427672549-Fastrack-Men-Polarised-and-UV-Protected-Lens-Round-Sunglasse-1.jpg"
Fastrack Black Round 100% UV protected Sunglasses for Men,"₹2,899",https://www.amazon.in/Fastrack-Gradient-Round-Mens-Sunglasses/dp/B07QG162Z9/ref=sr_1_234?crid=13TAQ2XYK363D&dib=eyJ2IjoiMSJ9.81SmSrkRdxCeeD0g3en7SYE_w5PyrF08bbOmQocLO3a1xFIysQD2LDBAgZQITrr21Wjb-j4PT-eDoBeeEm0kKzFHyB4XDp4_ppDRCs8A0FNAkrCl5_uAS4wOVdzfP8q7bIWlHPxdpjGGhgYLmVSXtHIQxk_z20dtRHEMrIm7_RZoP9aob5egBSKjefQC0Tqii8rksaG476zge71yqs4ArCWptrzl8P7qLlBd2zdHQszLYZqVZHQaieCJQiXfaQAwdubvW5K7sfRf9ziuS5NnvyHS3y-aI5JpmeaPVlaNqQ0.Hr-x-rgIVwRAhLaamMx3AZhuavg6_UEpLvO5o_Gcq88&dib_tag=se&keywords=fastrack+sunglasses&nsdOptOutParam=true&qid=1744922234&refinements=p_123%3A230542&rnid=91049095031&s=apparel&sprefix=fastrack+sunglasses+%2Capparel%2C223&sr=1-234&xpid=yoQIgBH2lox3-,https://m.media-amazon.com/images/I/31E702zr11L._SX342_SY445_.jpg,"Fastrack UV Protection Round Sunglasses (52)  (For Men, Black)",₹579,https://www.flipkart.com/fastrack-round-sunglasses/p/itm68e66b4db7c72?pid=SGLFHBY3NYEK8WVC&lid=LSTSGLFHBY3NYEK8WVCNV5K9Y&marketplace=FLIPKART&q=fastrack+sunglasses&store=26x&srno=s_1_13&otracker=AS_QueryStore_OrganicAutoSuggest_1_12_na_na_na&otracker1=AS_QueryStore_OrganicAutoSuggest_1_12_na_na_na&fm=organic&iid=85c2ca3f-af10-41fb-98aa-b41df4425deb.SGLFHBY3NYEK8WVC.SEARCH&ppt=None&ppn=None&ssid=b1t91m6auo0000001745048323354&qH=6c320ddeb59e61ac,https://rukminim2.flixcart.com/image/832/832/k1v1h8w0/sunglass/w/v/c/52-p444bk3-fastrack-original-imafhc9kuxzu6trs.jpeg?q=70&crop=false,Fastrack Men Round Sunglasses,Rs. 1529,https://www.myntra.com/sunglasses/fastrack/fastrack-men-round-sunglasses-with-polarised-and-uv-protected-lens-p383gr8pv/30439397/buy,"https://assets.myntassets.com/dpr_2,q_60,w_210,c_limit,fl_progressive/assets/images/30439397/2024/9/27/3c5bd308-9695-44ed-9643-27adb4dd83161727427672549-Fastrack-Men-Polarised-and-UV-Protected-Lens-Round-Sunglasse-1.jpg"
Fastrack Green Aviator Polarised Sunglasses for Men,"₹2,771.",https://www.amazon.in/Fastrack-Polarised-Sunglasses-Microfiber-VisionsIndia/dp/B07S24NXB2/ref=sr_1_236?crid=13TAQ2XYK363D&dib=eyJ2IjoiMSJ9.81SmSrkRdxCeeD0g3en7SYE_w5PyrF08bbOmQocLO3a1xFIysQD2LDBAgZQITrr21Wjb-j4PT-eDoBeeEm0kKzFHyB4XDp4_ppDRCs8A0FNAkrCl5_uAS4wOVdzfP8q7bIWlHPxdpjGGhgYLmVSXtHIQxk_z20dtRHEMrIm7_RZoP9aob5egBSKjefQC0Tqii8rksaG476zge71yqs4ArCWptrzl8P7qLlBd2zdHQszLYZqVZHQaieCJQiXfaQAwdubvW5K7sfRf9ziuS5NnvyHS3y-aI5JpmeaPVlaNqQ0.Hr-x-rgIVwRAhLaamMx3AZhuavg6_UEpLvO5o_Gcq88&dib_tag=se&keywords=fastrack+sunglasses&nsdOptOutParam=true&qid=1744922234&refinements=p_123%3A230542&rnid=91049095031&s=apparel&sprefix=fastrack+sunglasses+%2Capparel%2C223&sr=1-236&xpid=yoQIgBH2lox3-,https://m.media-amazon.com/images/I/312B96ezJiL._SX342_SY445_.jpg,"Fastrack Polarized Aviator Sunglasses (64)  (For Men, Green)","₹2,910",https://www.flipkart.com/fastrack-aviator-sunglasses/p/itmebd2cbfbd8711?pid=SGLFEH2UHZRTJFKE&lid=LSTSGLFEH2UHZRTJFKEJROWX3&marketplace=FLIPKART&q=fastrack+sunglasses&store=26x&srno=s_2_73&otracker=AS_QueryStore_OrganicAutoSuggest_1_12_na_na_na&otracker1=AS_QueryStore_OrganicAutoSuggest_1_12_na_na_na&fm=organic&iid=15441784-155a-4274-b4fc-2f3854cb2196.SGLFEH2UHZRTJFKE.SEARCH&ppt=None&ppn=None&ssid=vsi8sox03k0000001745052710773&qH=6c320ddeb59e61ac,https://rukminim2.flixcart.com/image/832/832/kuczmvk0/sunglass/y/o/c/m050gr3v-64-fastrack-original-imag7hsrbn4c8f6z.jpeg?q=70&crop=false,Fastrack Men Aviator Sunglasses,Rs. 1440,https://www.myntra.com/sunglasses/fastrack/fastrack-men-uv-protected-lens-aviator-sunglasses---m242bk2tv/30439223/buy,"https://assets.myntassets.com/dpr_2,q_60,w_210,c_limit,fl_progressive/assets/images/2024/AUGUST/8/Ozz8WtsO_077217d0aaf24bd59daaf2a4058dc4fa.jpg"
