Amazon Title,Amazon Price,Amazon URL,Amazon Image,Flipkart Title,Flipkart Price,Flipkart URL,Flipkart Image
"Boult Drift+ Smart Watch 1.85''HD Screen, Bluetooth Calling, IP68, 500 Nits Brightness,150+ Watchfaces, AI Voice Assistant, SpO2 Monitoring, 100+ Sports Mode Smartwatch (Black Coffee)","₹1,199.",https://www.amazon.in/Boult-8906133851323-Drift/dp/B0CQLXMDZ8/ref=sr_1_3?dib=eyJ2IjoiMSJ9.Cl3nz_gjGLCIDdItF0l2QbgiQ-xk5f7TLEqNAhKp0J9jKkw4HPQMMS8f5H4bMvgw4Y6ggrAQKxue4hMTwqir9fq2CpQeHnNXavleBARjhZmjmzrprGCQNCWPRO2zLRt-MnHjUy25F32P-dk_pBxtpepTmKUWVevwFBBMyJR0rs-oKY7SHTut3UYDvTZ9wfw9Js-bPgEURAwWCl7DjG4OlzFey873kR1Ncclsy_u_L1c.zV-wPCQdAEs2OiEOJ7mBG7EwjF2APKRoQ2BCf82C_zI&dib_tag=se&keywords=boult+fastrack+smartwatch&nsdOptOutParam=true&qid=1744386086&sr=8-3,https://m.media-amazon.com/images/I/41eyc45vZBL._SX300_SY300_QL70_ML2_.jpg,"Boult Drift+ Bluetooth Calling, 1.85"" HD, 500 Nits Brightness, 150+ Watchfaces, Smartwatch  (Black Coffee Strap, Free Size)","₹1,099",https://www.flipkart.com/boult-drift-bluetooth-calling-1-85-hd-500-nits-brightness-150-watchfaces-smartwatch/p/itm299eb0c3ef1a6?pid=SMWGMH4J3PWYQTRH&lid=LSTSMWGMH4J3PWYQTRHXA01MF&marketplace=FLIPKART&q=boult+smartwatches&store=ajy%2Fbuh&srno=s_1_12&otracker=search&otracker1=search&fm=organic&iid=en_Ouym4PDHyhJXdweNrO5lcs1CaQusOdw8fRw95Dbs8XloT_MSdZzGDEOwDXBrHTeut4bJyxIygPwfmHVOpaeC8Uhz9c-MSIoFe8xMxkfU6dM%3D&ppt=None&ppn=None&ssid=9v2kfg0npc0000001744461364589&qH=b4f68f830feeb2e3,https://rukminim2.flixcart.com/image/416/416/xif0q/smartwatch/b/z/c/-original-imah8mtxng4azdhe.jpeg?q=70&crop=false
"Boult Pyro Smartwatch 1.43'' AMOLED Screen, BT Calling 5.3, 600 Nits Brightness, IP68, 150+ Watchfaces, 120+ Sports Modes, AI Voice Assistant, SpO2 Monitoring (Gun Metal)","₹2,499.",https://www.amazon.in/Boult-Smartwatch-Brightness-Watchfaces-Monitoring/dp/B0DX2BKRFJ/ref=sr_1_4?dib=eyJ2IjoiMSJ9.Cl3nz_gjGLCIDdItF0l2QbgiQ-xk5f7TLEqNAhKp0J9jKkw4HPQMMS8f5H4bMvgw4Y6ggrAQKxue4hMTwqir9fq2CpQeHnNXavleBARjhZmjmzrprGCQNCWPRO2zLRt-MnHjUy25F32P-dk_pBxtpepTmKUWVevwFBBMyJR0rs-oKY7SHTut3UYDvTZ9wfw9Js-bPgEURAwWCl7DjG4OlzFey873kR1Ncclsy_u_L1c.zV-wPCQdAEs2OiEOJ7mBG7EwjF2APKRoQ2BCf82C_zI&dib_tag=se&keywords=boult+fastrack+smartwatch&nsdOptOutParam=true&qid=1744386086&sr=8-4,https://m.media-amazon.com/images/I/51XxBU7P0EL._SX300_SY300_QL70_ML2_.jpg,"Boult Drift+ Bluetooth Calling, 1.85"" HD, 500 Nits Brightness, 150+ Watchfaces, SpO2 Smartwatch  (Snow Leather Strap, Free Size)","₹1,099",https://www.flipkart.com/boult-drift-bluetooth-calling-1-85-hd-500-nits-brightness-150-watchfaces-spo2-smartwatch/p/itme7b66e7e9ec39?pid=SMWGMH4JCHJHHEEU&lid=LSTSMWGMH4JCHJHHEEUHY4QIJ&marketplace=FLIPKART&q=boult+smartwatches&store=ajy%2Fbuh&srno=s_1_20&otracker=search&otracker1=search&fm=organic&iid=4369ed2e-e735-46e2-a022-9d98c189b6ca.SMWGMH4JCHJHHEEU.SEARCH&ppt=None&ppn=None&ssid=9v2kfg0npc0000001744461364589&qH=b4f68f830feeb2e3,https://rukminim2.flixcart.com/image/416/416/xif0q/smartwatch/s/j/a/-original-imagz952pdgkgzsq.jpeg?q=70&crop=false
"Boult Pyro Smartwatch 1.43'' AMOLED Screen, BT Calling 5.3, 600 Nits Brightness, IP68, 150+ Watchfaces, 120+ Sports Modes, AI Voice Assistant, SpO2 Monitoring (Gold Silver)","₹2,599.",https://www.amazon.in/Boult-Smartwatch-Brightness-Watchfaces-Monitoring/dp/B0DX27S5GQ/ref=sr_1_5?dib=eyJ2IjoiMSJ9.Cl3nz_gjGLCIDdItF0l2QbgiQ-xk5f7TLEqNAhKp0J9jKkw4HPQMMS8f5H4bMvgw4Y6ggrAQKxue4hMTwqir9fq2CpQeHnNXavleBARjhZmjmzrprGCQNCWPRO2zLRt-MnHjUy25F32P-dk_pBxtpepTmKUWVevwFBBMyJR0rs-oKY7SHTut3UYDvTZ9wfw9Js-bPgEURAwWCl7DjG4OlzFey873kR1Ncclsy_u_L1c.zV-wPCQdAEs2OiEOJ7mBG7EwjF2APKRoQ2BCf82C_zI&dib_tag=se&keywords=boult+fastrack+smartwatch&nsdOptOutParam=true&qid=1744386086&sr=8-5,https://m.media-amazon.com/images/I/51X3rqsm7jL._SX300_SY300_QL70_ML2_.jpg,"Boult Drift+ Bluetooth Calling, 1.85"" HD, 500 Nits Brightness, 150+ Watchfaces, SpO2 Smartwatch  (Snow Leather Strap, Free Size)","₹1,099",https://www.flipkart.com/boult-drift-bluetooth-calling-1-85-hd-500-nits-brightness-150-watchfaces-spo2-smartwatch/p/itme7b66e7e9ec39?pid=SMWGMH4JCHJHHEEU&lid=LSTSMWGMH4JCHJHHEEUHY4QIJ&marketplace=FLIPKART&q=boult+smartwatches&store=ajy%2Fbuh&srno=s_1_20&otracker=search&otracker1=search&fm=organic&iid=4369ed2e-e735-46e2-a022-9d98c189b6ca.SMWGMH4JCHJHHEEU.SEARCH&ppt=None&ppn=None&ssid=9v2kfg0npc0000001744461364589&qH=b4f68f830feeb2e3,https://rukminim2.flixcart.com/image/416/416/xif0q/smartwatch/s/j/a/-original-imagz952pdgkgzsq.jpeg?q=70&crop=false
"Boult Dire Smartwatch: 1.38'' 2.5D Curved HD Display, BT Calling, 500 Nits Brightness, IP67, 250+ Watchfaces, 120+ Sports Modes, AI Voice Assistant, SpO2 Monitoring (Silver)","₹1,499.",https://www.amazon.in/Boult-Dire-Smartwatch-Brightness-Watchfaces/dp/B0DS2796HZ/ref=sr_1_6?dib=eyJ2IjoiMSJ9.Cl3nz_gjGLCIDdItF0l2QbgiQ-xk5f7TLEqNAhKp0J9jKkw4HPQMMS8f5H4bMvgw4Y6ggrAQKxue4hMTwqir9fq2CpQeHnNXavleBARjhZmjmzrprGCQNCWPRO2zLRt-MnHjUy25F32P-dk_pBxtpepTmKUWVevwFBBMyJR0rs-oKY7SHTut3UYDvTZ9wfw9Js-bPgEURAwWCl7DjG4OlzFey873kR1Ncclsy_u_L1c.zV-wPCQdAEs2OiEOJ7mBG7EwjF2APKRoQ2BCf82C_zI&dib_tag=se&keywords=boult+fastrack+smartwatch&nsdOptOutParam=true&qid=1744386086&sr=8-6,https://m.media-amazon.com/images/I/410ubfj9YRL._SX300_SY300_QL70_ML2_.jpg,"Boult Drift+ Bluetooth Calling, 1.85"" HD, 500 Nits Brightness, 150+ Watchfaces, SpO2 Smartwatch  (Snow Leather Strap, Free Size)","₹1,099",https://www.flipkart.com/boult-drift-bluetooth-calling-1-85-hd-500-nits-brightness-150-watchfaces-spo2-smartwatch/p/itme7b66e7e9ec39?pid=SMWGMH4JCHJHHEEU&lid=LSTSMWGMH4JCHJHHEEUHY4QIJ&marketplace=FLIPKART&q=boult+smartwatches&store=ajy%2Fbuh&srno=s_1_20&otracker=search&otracker1=search&fm=organic&iid=4369ed2e-e735-46e2-a022-9d98c189b6ca.SMWGMH4JCHJHHEEU.SEARCH&ppt=None&ppn=None&ssid=9v2kfg0npc0000001744461364589&qH=b4f68f830feeb2e3,https://rukminim2.flixcart.com/image/416/416/xif0q/smartwatch/s/j/a/-original-imagz952pdgkgzsq.jpeg?q=70&crop=false
"Boult Drift+ Smart Watch 1.85''HD Screen, Bluetooth Calling, IP67, 500 Nits Brightness,150+ Watchfaces, AI Voice Assistant, SpO2 Monitoring, 100+ Sports Mode Smartwatch (Snow Leather)","₹1,099.",https://www.amazon.in/Boult-8906133851347-Drift/dp/B0CQLYXDXH/ref=sr_1_8?dib=eyJ2IjoiMSJ9.Cl3nz_gjGLCIDdItF0l2QbgiQ-xk5f7TLEqNAhKp0J9jKkw4HPQMMS8f5H4bMvgw4Y6ggrAQKxue4hMTwqir9fq2CpQeHnNXavleBARjhZmjmzrprGCQNCWPRO2zLRt-MnHjUy25F32P-dk_pBxtpepTmKUWVevwFBBMyJR0rs-oKY7SHTut3UYDvTZ9wfw9Js-bPgEURAwWCl7DjG4OlzFey873kR1Ncclsy_u_L1c.zV-wPCQdAEs2OiEOJ7mBG7EwjF2APKRoQ2BCf82C_zI&dib_tag=se&keywords=boult+fastrack+smartwatch&nsdOptOutParam=true&qid=1744386086&sr=8-8,https://m.media-amazon.com/images/I/41wcztL-T5L._SX300_SY300_QL70_ML2_.jpg,"Boult Drift+ Bluetooth Calling, 1.85"" HD, 500 Nits Brightness, 150+ Watchfaces, SpO2 Smartwatch  (Snow Leather Strap, Free Size)","₹1,099",https://www.flipkart.com/boult-drift-bluetooth-calling-1-85-hd-500-nits-brightness-150-watchfaces-spo2-smartwatch/p/itme7b66e7e9ec39?pid=SMWGMH4JCHJHHEEU&lid=LSTSMWGMH4JCHJHHEEUHY4QIJ&marketplace=FLIPKART&q=boult+smartwatches&store=ajy%2Fbuh&srno=s_1_20&otracker=search&otracker1=search&fm=organic&iid=4369ed2e-e735-46e2-a022-9d98c189b6ca.SMWGMH4JCHJHHEEU.SEARCH&ppt=None&ppn=None&ssid=9v2kfg0npc0000001744461364589&qH=b4f68f830feeb2e3,https://rukminim2.flixcart.com/image/416/416/xif0q/smartwatch/s/j/a/-original-imagz952pdgkgzsq.jpeg?q=70&crop=false
"Boult Crown R Pro Smart Watch 1.43''HD AMOLED, Bluetooth Calling, Working Crown, Zinc Alloy Frame, 600 Nits Brightness, AI Voice Assistant, SpO2 Monitoring, 120+ Sports Mode (Jet Black)","₹2,199.",https://www.amazon.in/Boult-Bluetooth-Brightness-Assistant-Monitoring/dp/B0DM5RD6M6/ref=sr_1_10?dib=eyJ2IjoiMSJ9.Cl3nz_gjGLCIDdItF0l2QbgiQ-xk5f7TLEqNAhKp0J9jKkw4HPQMMS8f5H4bMvgw4Y6ggrAQKxue4hMTwqir9fq2CpQeHnNXavleBARjhZmjmzrprGCQNCWPRO2zLRt-MnHjUy25F32P-dk_pBxtpepTmKUWVevwFBBMyJR0rs-oKY7SHTut3UYDvTZ9wfw9Js-bPgEURAwWCl7DjG4OlzFey873kR1Ncclsy_u_L1c.zV-wPCQdAEs2OiEOJ7mBG7EwjF2APKRoQ2BCf82C_zI&dib_tag=se&keywords=boult+fastrack+smartwatch&nsdOptOutParam=true&qid=1744386086&sr=8-10,https://m.media-amazon.com/images/I/51fxJmzXSSL._SX300_SY300_QL70_ML2_.jpg,"Boult CrownR Pro 1.43''HD AMOLED, BT Calling, Zinc Alloy Frame, IP67, SpO2 Tracking Smartwatch  (Jet Black Strap, Free Size)","₹2,199",https://www.flipkart.com/boult-crownr-pro-1-43-hd-amoled-bt-calling-zinc-alloy-frame-ip67-spo2-tracking-smartwatch/p/itm471c0855c0c44?pid=SMWGSVWZDVCRFH4C&lid=LSTSMWGSVWZDVCRFH4CFR3RV3&marketplace=FLIPKART&q=boult+smartwatches&store=ajy%2Fbuh&srno=s_1_21&otracker=search&otracker1=search&fm=organic&iid=en_Ouym4PDHyhJXdweNrO5lcs1CaQusOdw8fRw95Dbs8XmY2rwzw7gkhlmYtXqIc41okEOherx1Ukl2Bb0nMVE8skKsf8s6I2Oz2HOgbXTo_9U%3D&ppt=None&ppn=None&ssid=9v2kfg0npc0000001744461364589&qH=b4f68f830feeb2e3,https://rukminim2.flixcart.com/image/416/416/xif0q/smartwatch/h/0/t/-original-imagxp8vawtgnhyf.jpeg?q=70&crop=false
"Boult Drift+ Smart Watch 1.85''HD Screen, Bluetooth Calling, IP68, 500 Nits Brightness,150+ Watchfaces, AI Voice Assistant, SpO2 Monitoring, 100+ Sports Mode Smartwatch (Chrome)","₹1,299.",https://www.amazon.in/Boult-Drift-Brightness-Watchfaces-Monitoring/dp/B0DM5J4B52/ref=sr_1_13?dib=eyJ2IjoiMSJ9.Cl3nz_gjGLCIDdItF0l2QbgiQ-xk5f7TLEqNAhKp0J9jKkw4HPQMMS8f5H4bMvgw4Y6ggrAQKxue4hMTwqir9fq2CpQeHnNXavleBARjhZmjmzrprGCQNCWPRO2zLRt-MnHjUy25F32P-dk_pBxtpepTmKUWVevwFBBMyJR0rs-oKY7SHTut3UYDvTZ9wfw9Js-bPgEURAwWCl7DjG4OlzFey873kR1Ncclsy_u_L1c.zV-wPCQdAEs2OiEOJ7mBG7EwjF2APKRoQ2BCf82C_zI&dib_tag=se&keywords=boult+fastrack+smartwatch&nsdOptOutParam=true&qid=1744386086&sr=8-13,https://m.media-amazon.com/images/I/41jRv4ip5kL._SX300_SY300_QL70_ML2_.jpg,"Boult Drift+ Bluetooth Calling, 1.85"" HD, 500 Nits Brightness, 150+ Watchfaces, SpO2 Smartwatch  (Jet Black Strap, Free Size)","₹1,199",https://www.flipkart.com/boult-drift-bluetooth-calling-1-85-hd-500-nits-brightness-150-watchfaces-spo2-smartwatch/p/itm9aab07df7f268?pid=SMWGMH4JA69PG4TF&lid=LSTSMWGMH4JA69PG4TF75UAZN&marketplace=FLIPKART&q=boult+smartwatches&store=ajy%2Fbuh&spotlightTagId=default_BestsellerId_ajy%2Fbuh&srno=s_1_19&otracker=search&otracker1=search&fm=organic&iid=4369ed2e-e735-46e2-a022-9d98c189b6ca.SMWGMH4JA69PG4TF.SEARCH&ppt=None&ppn=None&ssid=9v2kfg0npc0000001744461364589&qH=b4f68f830feeb2e3,https://rukminim2.flixcart.com/image/416/416/xif0q/smartwatch/e/e/p/-original-imah8mtwtmmxa47x.jpeg?q=70&crop=false
"Boult Rover Pro Smart Watch 1.43'' AMOLED, Bluetooth Calling, IP68, Zinc Alloy Frame, 1000 Nits Brightness, AI Voice Assistant, SpO2 Monitoring, 120+ Sports Mode Smartwatch (Ash Black)","₹1,199.",https://www.amazon.in/Boult-Rover-Pro-Brightness-Monitoring/dp/B0DM5JD8P4/ref=sr_1_14?dib=eyJ2IjoiMSJ9.Cl3nz_gjGLCIDdItF0l2QbgiQ-xk5f7TLEqNAhKp0J9jKkw4HPQMMS8f5H4bMvgw4Y6ggrAQKxue4hMTwqir9fq2CpQeHnNXavleBARjhZmjmzrprGCQNCWPRO2zLRt-MnHjUy25F32P-dk_pBxtpepTmKUWVevwFBBMyJR0rs-oKY7SHTut3UYDvTZ9wfw9Js-bPgEURAwWCl7DjG4OlzFey873kR1Ncclsy_u_L1c.zV-wPCQdAEs2OiEOJ7mBG7EwjF2APKRoQ2BCf82C_zI&dib_tag=se&keywords=boult+fastrack+smartwatch&nsdOptOutParam=true&qid=1744386086&sr=8-14,https://m.media-amazon.com/images/I/410P2qEmioL._SX300_SY300_QL70_ML2_.jpg,"Boult Rover Pro 1.43'' AMOLED, BT Calling, 565 Nits Brightness, Health Smartwatch  (Coal Black Strap, Free Size)","₹1,999",https://www.flipkart.com/boult-rover-pro-1-43-amoled-bt-calling-565-nits-brightness-health-smartwatch/p/itm2a3693a3e8adb?pid=SMWH8G59HQDYQZPD&lid=LSTSMWH8G59HQDYQZPDDEDWDQ&marketplace=FLIPKART&q=boult+smartwatches&store=ajy%2Fbuh&srno=s_1_33&otracker=search&otracker1=search&fm=organic&iid=4369ed2e-e735-46e2-a022-9d98c189b6ca.SMWH8G59HQDYQZPD.SEARCH&ppt=None&ppn=None&ssid=9v2kfg0npc0000001744461364589&qH=b4f68f830feeb2e3,https://rukminim2.flixcart.com/image/416/416/xif0q/smartwatch/t/r/s/-original-imah9k32hbmwmngb.jpeg?q=70&crop=false
"Boult Crown R Pro Smart Watch 1.43"" HD AMOLED, Bluetooth Calling, Working Crown, Zinc Alloy Frame, 600 Nits Brightness, AI Voice Assistant, SpO2 Monitoring, 120+ Sports Mode (Silver)","₹2,199.",https://www.amazon.in/Boult-Bluetooth-Brightness-Assistant-Monitoring/dp/B0DM5QYVNS/ref=sr_1_15?dib=eyJ2IjoiMSJ9.Cl3nz_gjGLCIDdItF0l2QbgiQ-xk5f7TLEqNAhKp0J9jKkw4HPQMMS8f5H4bMvgw4Y6ggrAQKxue4hMTwqir9fq2CpQeHnNXavleBARjhZmjmzrprGCQNCWPRO2zLRt-MnHjUy25F32P-dk_pBxtpepTmKUWVevwFBBMyJR0rs-oKY7SHTut3UYDvTZ9wfw9Js-bPgEURAwWCl7DjG4OlzFey873kR1Ncclsy_u_L1c.zV-wPCQdAEs2OiEOJ7mBG7EwjF2APKRoQ2BCf82C_zI&dib_tag=se&keywords=boult+fastrack+smartwatch&nsdOptOutParam=true&qid=1744386086&sr=8-15,https://m.media-amazon.com/images/I/41VtK3NzP6L._SX300_SY300_QL70_ML2_.jpg,"Boult Crown Pro 2.01"" AMOLED, BT Calling, Working Crown, AOD, Zinc Alloy Frame, SpO2 Smartwatch  (Phantom Black Strap, Free Size)","₹1,699",https://www.flipkart.com/boult-crown-pro-2-01-amoled-bt-calling-working-crown-aod-zinc-alloy-frame-spo2-smartwatch/p/itm255b75b4e3d5f?pid=SMWH64GEGNMG4FBH&lid=LSTSMWH64GEGNMG4FBHYNRKDS&marketplace=FLIPKART&q=boult+smartwatches&store=ajy%2Fbuh&srno=s_1_40&otracker=search&otracker1=search&fm=organic&iid=4369ed2e-e735-46e2-a022-9d98c189b6ca.SMWH64GEGNMG4FBH.SEARCH&ppt=None&ppn=None&ssid=9v2kfg0npc0000001744461364589&qH=b4f68f830feeb2e3,https://rukminim2.flixcart.com/image/416/416/xif0q/smartwatch/p/i/j/-original-imah6zuahrgt3eyu.jpeg?q=70&crop=false
"Boult Mirage Smart Watch 1.39''HD Screen, Bluetooth Calling, IP67, Zinc Alloy Frame, 500 Nits Brightness, AI Voice Assistant, SpO2 Monitoring, 120+ Sports Mode (Coal Black)","₹1,799.",https://www.amazon.in/Boult-Bluetooth-Brightness-Assistant-Monitoring/dp/B0DM5S4M9S/ref=sr_1_17?dib=eyJ2IjoiMSJ9.Cl3nz_gjGLCIDdItF0l2QbgiQ-xk5f7TLEqNAhKp0J9jKkw4HPQMMS8f5H4bMvgw4Y6ggrAQKxue4hMTwqir9fq2CpQeHnNXavleBARjhZmjmzrprGCQNCWPRO2zLRt-MnHjUy25F32P-dk_pBxtpepTmKUWVevwFBBMyJR0rs-oKY7SHTut3UYDvTZ9wfw9Js-bPgEURAwWCl7DjG4OlzFey873kR1Ncclsy_u_L1c.zV-wPCQdAEs2OiEOJ7mBG7EwjF2APKRoQ2BCf82C_zI&dib_tag=se&keywords=boult+fastrack+smartwatch&nsdOptOutParam=true&qid=1744386086&sr=8-17,https://m.media-amazon.com/images/I/51pzvvsQGaL._SX300_SY300_QL70_ML2_.jpg,"Boult Drift+ Bluetooth Calling, 1.85"" HD, 500 Nits Brightness, 150+ Watchfaces, SpO2 Smartwatch  (Jet Black Strap, Free Size)","₹1,199",https://www.flipkart.com/boult-drift-bluetooth-calling-1-85-hd-500-nits-brightness-150-watchfaces-spo2-smartwatch/p/itm9aab07df7f268?pid=SMWGMH4JA69PG4TF&lid=LSTSMWGMH4JA69PG4TF75UAZN&marketplace=FLIPKART&q=boult+smartwatches&store=ajy%2Fbuh&spotlightTagId=default_BestsellerId_ajy%2Fbuh&srno=s_1_19&otracker=search&otracker1=search&fm=organic&iid=4369ed2e-e735-46e2-a022-9d98c189b6ca.SMWGMH4JA69PG4TF.SEARCH&ppt=None&ppn=None&ssid=9v2kfg0npc0000001744461364589&qH=b4f68f830feeb2e3,https://rukminim2.flixcart.com/image/416/416/xif0q/smartwatch/e/e/p/-original-imah8mtwtmmxa47x.jpeg?q=70&crop=false
"Boult Drift+ Smart Watch 1.85''HD Screen, Bluetooth Calling, IP68, 500 Nits Brightness,150+ Watchfaces, AI Voice Assistant, SpO2 Monitoring, 100+ Sports Mode Smartwatch (Peach Fuzz)","₹1,199.",https://www.amazon.in/Boult-Drift-Brightness-Watchfaces-Monitoring/dp/B0DM5HBCDV/ref=sr_1_19?dib=eyJ2IjoiMSJ9.yG2TYCkbfiXs-junV2JZjUyQqlLAdu7mWA70JC8RcXjVBMPTZ7PRwUdvVw6hyTChPMNIpM45H3OAaBmvTcH7L8WgssHZ23zdxn0hr1T3NM9WtUbe0nOqD4b_lg28t9QuEGtW-5DQ00N_Zx7lInLQCHa8D-wS7fwK40FWfHXrYxvcpQK-4Z5bdCEWCee3ocsIJMIeIPzUXN9MMjvUC1V-7-SQEn3BDMyWtGS5lu6n2Gk.ZGk2RHmIkNozLgPZyDqQOQBkSITCv-S0T6pR8YhdNW0&dib_tag=se&keywords=boult+fastrack+smartwatch&nsdOptOutParam=true&qid=1744386189&sr=8-19&xpid=mRycgeE0S08ug,https://m.media-amazon.com/images/I/41s62f3liZL._SX300_SY300_QL70_ML2_.jpg,"Boult Drift+ Bluetooth Calling, 1.85"" HD, 500 Nits Brightness, 150+ Watchfaces, SpO2 Smartwatch  (Jet Black Strap, Free Size)","₹1,199",https://www.flipkart.com/boult-drift-bluetooth-calling-1-85-hd-500-nits-brightness-150-watchfaces-spo2-smartwatch/p/itm9aab07df7f268?pid=SMWGMH4JA69PG4TF&lid=LSTSMWGMH4JA69PG4TF75UAZN&marketplace=FLIPKART&q=boult+smartwatches&store=ajy%2Fbuh&spotlightTagId=default_BestsellerId_ajy%2Fbuh&srno=s_1_19&otracker=search&otracker1=search&fm=organic&iid=4369ed2e-e735-46e2-a022-9d98c189b6ca.SMWGMH4JA69PG4TF.SEARCH&ppt=None&ppn=None&ssid=9v2kfg0npc0000001744461364589&qH=b4f68f830feeb2e3,https://rukminim2.flixcart.com/image/416/416/xif0q/smartwatch/e/e/p/-original-imah8mtwtmmxa47x.jpeg?q=70&crop=false
"Boult Drift+ Smart Watch 1.85''HD Screen, Bluetooth Calling, IP68, 500 Nits Brightness,150+ Watchfaces, AI Voice Assistant, SpO2 Monitoring, 100+ Sports Mode Smartwatch (Jet Black)","₹1,199.",https://www.amazon.in/Boult-8906133851606-Drift/dp/B0CQLZ7W1N/ref=sr_1_20?dib=eyJ2IjoiMSJ9.yG2TYCkbfiXs-junV2JZjUyQqlLAdu7mWA70JC8RcXjVBMPTZ7PRwUdvVw6hyTChPMNIpM45H3OAaBmvTcH7L8WgssHZ23zdxn0hr1T3NM9WtUbe0nOqD4b_lg28t9QuEGtW-5DQ00N_Zx7lInLQCHa8D-wS7fwK40FWfHXrYxvcpQK-4Z5bdCEWCee3ocsIJMIeIPzUXN9MMjvUC1V-7-SQEn3BDMyWtGS5lu6n2Gk.ZGk2RHmIkNozLgPZyDqQOQBkSITCv-S0T6pR8YhdNW0&dib_tag=se&keywords=boult+fastrack+smartwatch&nsdOptOutParam=true&qid=1744386189&sr=8-20&xpid=mRycgeE0S08ug,https://m.media-amazon.com/images/I/41q3XfX8niL._SX300_SY300_QL70_ML2_.jpg,"Boult Drift+ Bluetooth Calling, 1.85"" HD, 500 Nits Brightness, 150+ Watchfaces, SpO2 Smartwatch  (Jet Black Strap, Free Size)","₹1,199",https://www.flipkart.com/boult-drift-bluetooth-calling-1-85-hd-500-nits-brightness-150-watchfaces-spo2-smartwatch/p/itm9aab07df7f268?pid=SMWGMH4JA69PG4TF&lid=LSTSMWGMH4JA69PG4TF75UAZN&marketplace=FLIPKART&q=boult+smartwatches&store=ajy%2Fbuh&spotlightTagId=default_BestsellerId_ajy%2Fbuh&srno=s_1_19&otracker=search&otracker1=search&fm=organic&iid=4369ed2e-e735-46e2-a022-9d98c189b6ca.SMWGMH4JA69PG4TF.SEARCH&ppt=None&ppn=None&ssid=9v2kfg0npc0000001744461364589&qH=b4f68f830feeb2e3,https://rukminim2.flixcart.com/image/416/416/xif0q/smartwatch/e/e/p/-original-imah8mtwtmmxa47x.jpeg?q=70&crop=false
"Boult Dire Smartwatch: 1.38'' 2.5D Curved HD Display, BT Calling, 500 Nits Brightness, IP67, 250+ Watchfaces, 120+ Sports Modes, AI Voice Assistant, SpO2 Monitoring (Jet Black)","₹1,499.",https://www.amazon.in/Boult-Dire-Smartwatch-Brightness-Watchfaces/dp/B0DS26M972/ref=sr_1_21?dib=eyJ2IjoiMSJ9.yG2TYCkbfiXs-junV2JZjUyQqlLAdu7mWA70JC8RcXjVBMPTZ7PRwUdvVw6hyTChPMNIpM45H3OAaBmvTcH7L8WgssHZ23zdxn0hr1T3NM9WtUbe0nOqD4b_lg28t9QuEGtW-5DQ00N_Zx7lInLQCHa8D-wS7fwK40FWfHXrYxvcpQK-4Z5bdCEWCee3ocsIJMIeIPzUXN9MMjvUC1V-7-SQEn3BDMyWtGS5lu6n2Gk.ZGk2RHmIkNozLgPZyDqQOQBkSITCv-S0T6pR8YhdNW0&dib_tag=se&keywords=boult+fastrack+smartwatch&nsdOptOutParam=true&qid=1744386189&sr=8-21&xpid=mRycgeE0S08ug,https://m.media-amazon.com/images/I/415GZgxF8PL._SX300_SY300_QL70_ML2_.jpg,"Boult Drift+ Bluetooth Calling, 1.85"" HD, 500 Nits Brightness, 150+ Watchfaces, SpO2 Smartwatch  (Snow Leather Strap, Free Size)","₹1,099",https://www.flipkart.com/boult-drift-bluetooth-calling-1-85-hd-500-nits-brightness-150-watchfaces-spo2-smartwatch/p/itme7b66e7e9ec39?pid=SMWGMH4JCHJHHEEU&lid=LSTSMWGMH4JCHJHHEEUHY4QIJ&marketplace=FLIPKART&q=boult+smartwatches&store=ajy%2Fbuh&srno=s_1_20&otracker=search&otracker1=search&fm=organic&iid=4369ed2e-e735-46e2-a022-9d98c189b6ca.SMWGMH4JCHJHHEEU.SEARCH&ppt=None&ppn=None&ssid=9v2kfg0npc0000001744461364589&qH=b4f68f830feeb2e3,https://rukminim2.flixcart.com/image/416/416/xif0q/smartwatch/s/j/a/-original-imagz952pdgkgzsq.jpeg?q=70&crop=false
"Boult Trail Smartwatch 2.01"" 3D Curved HD Display, BT Calling 5.3, 600 Nits Brightness, IP68, 190+ Watchfaces, 120+ Sports Modes, AI Voice Assistant, SpO2 Monitoring (Rose Gold)","₹1,499.",https://www.amazon.in/Boult-Smartwatch-Brightness-Watchfaces-Monitoring/dp/B0DTYZ7F6D/ref=sr_1_34?dib=eyJ2IjoiMSJ9.yG2TYCkbfiXs-junV2JZjUyQqlLAdu7mWA70JC8RcXjVBMPTZ7PRwUdvVw6hyTChPMNIpM45H3OAaBmvTcH7L8WgssHZ23zdxn0hr1T3NM9WtUbe0nOqD4b_lg28t9QuEGtW-5DQ00N_Zx7lInLQCHa8D-wS7fwK40FWfHXrYxvcpQK-4Z5bdCEWCee3ocsIJMIeIPzUXN9MMjvUC1V-7-SQEn3BDMyWtGS5lu6n2Gk.ZGk2RHmIkNozLgPZyDqQOQBkSITCv-S0T6pR8YhdNW0&dib_tag=se&keywords=boult+fastrack+smartwatch&nsdOptOutParam=true&qid=1744386189&sr=8-34&xpid=mRycgeE0S08ug,https://m.media-amazon.com/images/I/41TF-ewx1SL._SX300_SY300_QL70_ML2_.jpg,"Boult Drift+ Bluetooth Calling, 1.85"" HD, 500 Nits Brightness, 150+ Watchfaces, SpO2 Smartwatch  (Snow Leather Strap, Free Size)","₹1,099",https://www.flipkart.com/boult-drift-bluetooth-calling-1-85-hd-500-nits-brightness-150-watchfaces-spo2-smartwatch/p/itme7b66e7e9ec39?pid=SMWGMH4JCHJHHEEU&lid=LSTSMWGMH4JCHJHHEEUHY4QIJ&marketplace=FLIPKART&q=boult+smartwatches&store=ajy%2Fbuh&srno=s_1_20&otracker=search&otracker1=search&fm=organic&iid=4369ed2e-e735-46e2-a022-9d98c189b6ca.SMWGMH4JCHJHHEEU.SEARCH&ppt=None&ppn=None&ssid=9v2kfg0npc0000001744461364589&qH=b4f68f830feeb2e3,https://rukminim2.flixcart.com/image/416/416/xif0q/smartwatch/s/j/a/-original-imagz952pdgkgzsq.jpeg?q=70&crop=false
"Boult Mirage Smart Watch 1.39''HD Screen, Bluetooth Calling, IP67, Zinc Alloy Frame, 500 Nits Brightness, AI Voice Assistant, SpO2 Monitoring, 120+ Sports Mode (Amber Blue)","₹1,899.",https://www.amazon.in/Boult-Bluetooth-Brightness-Assistant-Monitoring/dp/B0DM5L9BFZ/ref=sr_1_36?dib=eyJ2IjoiMSJ9.sy1Kd5xRKmooWsWTFBI8R73iMe3oUMAsfltpSthFuWx3_2WBP_AEPHbp0jNrwbJxHS8OFaOpHJ5kTM0QuBTox954P8_-Qc3xjPhdIwSvGXi-A3IVUF_Y74GTTQVWApz7sa2bc6pynz7IEHGse8SS9SRqXv04MFaibpVClXh8eWMDlrEG0edzxlVdaHVbqD4lO2WWLTnPbrFoySuhroEyizuXSd-OctViPgc4EtSQAQc.cScX-zx_Zw54gDXJvpqoyMgWMVw3wUSBevL5O1bcPMo&dib_tag=se&keywords=boult+fastrack+smartwatch&nsdOptOutParam=true&qid=1744386289&sr=8-36&xpid=mRycgeE0S08ug,https://m.media-amazon.com/images/I/51jTYi1RgsL._SX300_SY300_QL70_ML2_.jpg,"Boult Drift+ Bluetooth Calling, 1.85"" HD, 500 Nits Brightness, 150+ Watchfaces, SpO2 Smartwatch  (Jet Black Strap, Free Size)","₹1,199",https://www.flipkart.com/boult-drift-bluetooth-calling-1-85-hd-500-nits-brightness-150-watchfaces-spo2-smartwatch/p/itm9aab07df7f268?pid=SMWGMH4JA69PG4TF&lid=LSTSMWGMH4JA69PG4TF75UAZN&marketplace=FLIPKART&q=boult+smartwatches&store=ajy%2Fbuh&spotlightTagId=default_BestsellerId_ajy%2Fbuh&srno=s_1_19&otracker=search&otracker1=search&fm=organic&iid=4369ed2e-e735-46e2-a022-9d98c189b6ca.SMWGMH4JA69PG4TF.SEARCH&ppt=None&ppn=None&ssid=9v2kfg0npc0000001744461364589&qH=b4f68f830feeb2e3,https://rukminim2.flixcart.com/image/416/416/xif0q/smartwatch/e/e/p/-original-imah8mtwtmmxa47x.jpeg?q=70&crop=false
"Boult Mirage Smart Watch 1.39''HD Screen, Bluetooth Calling, IP67, Zinc Alloy Frame, 500 Nits Brightness, AI Voice Assistant, SpO2 Monitoring, 120+ Sports Mode (Inox Steel)","₹1,799.",https://www.amazon.in/Boult-Bluetooth-Brightness-Assistant-Monitoring/dp/B0DM5S9ZW4/ref=sr_1_37?dib=eyJ2IjoiMSJ9.sy1Kd5xRKmooWsWTFBI8R73iMe3oUMAsfltpSthFuWx3_2WBP_AEPHbp0jNrwbJxHS8OFaOpHJ5kTM0QuBTox954P8_-Qc3xjPhdIwSvGXi-A3IVUF_Y74GTTQVWApz7sa2bc6pynz7IEHGse8SS9SRqXv04MFaibpVClXh8eWMDlrEG0edzxlVdaHVbqD4lO2WWLTnPbrFoySuhroEyizuXSd-OctViPgc4EtSQAQc.cScX-zx_Zw54gDXJvpqoyMgWMVw3wUSBevL5O1bcPMo&dib_tag=se&keywords=boult+fastrack+smartwatch&nsdOptOutParam=true&qid=1744386289&sr=8-37&xpid=mRycgeE0S08ug,https://m.media-amazon.com/images/I/51QBpwKS7BL._SX300_SY300_QL70_ML2_.jpg,"Boult Drift+ Bluetooth Calling, 1.85"" HD, 500 Nits Brightness, 150+ Watchfaces, SpO2 Smartwatch  (Jet Black Strap, Free Size)","₹1,199",https://www.flipkart.com/boult-drift-bluetooth-calling-1-85-hd-500-nits-brightness-150-watchfaces-spo2-smartwatch/p/itm9aab07df7f268?pid=SMWGMH4JA69PG4TF&lid=LSTSMWGMH4JA69PG4TF75UAZN&marketplace=FLIPKART&q=boult+smartwatches&store=ajy%2Fbuh&spotlightTagId=default_BestsellerId_ajy%2Fbuh&srno=s_1_19&otracker=search&otracker1=search&fm=organic&iid=4369ed2e-e735-46e2-a022-9d98c189b6ca.SMWGMH4JA69PG4TF.SEARCH&ppt=None&ppn=None&ssid=9v2kfg0npc0000001744461364589&qH=b4f68f830feeb2e3,https://rukminim2.flixcart.com/image/416/416/xif0q/smartwatch/e/e/p/-original-imah8mtwtmmxa47x.jpeg?q=70&crop=false
"Boult Crown R Pro Smart Watch 1.43''HD AMOLED, Bluetooth Calling, Working Crown, Zinc Alloy Frame, 600 Nits Brightness, AI Voice Assistant, SpO2 Monitoring, 120+ Sports Mode (Pro Black)","₹1,999.",https://www.amazon.in/Boult-Crown-Pro-Brightness-Monitoring/dp/B0DM5HMVGB/ref=sr_1_45?dib=eyJ2IjoiMSJ9.sy1Kd5xRKmooWsWTFBI8R73iMe3oUMAsfltpSthFuWx3_2WBP_AEPHbp0jNrwbJxHS8OFaOpHJ5kTM0QuBTox954P8_-Qc3xjPhdIwSvGXi-A3IVUF_Y74GTTQVWApz7sa2bc6pynz7IEHGse8SS9SRqXv04MFaibpVClXh8eWMDlrEG0edzxlVdaHVbqD4lO2WWLTnPbrFoySuhroEyizuXSd-OctViPgc4EtSQAQc.cScX-zx_Zw54gDXJvpqoyMgWMVw3wUSBevL5O1bcPMo&dib_tag=se&keywords=boult+fastrack+smartwatch&nsdOptOutParam=true&qid=1744386289&sr=8-45&xpid=mRycgeE0S08ug,https://m.media-amazon.com/images/I/41nK0DwX8VL._SX300_SY300_QL70_ML2_.jpg,"Boult CrownR Pro 1.43''HD AMOLED, BT Calling, Zinc Alloy Frame, IP67, SpO2 Tracking Smartwatch  (Jet Black Strap, Free Size)","₹2,199",https://www.flipkart.com/boult-crownr-pro-1-43-hd-amoled-bt-calling-zinc-alloy-frame-ip67-spo2-tracking-smartwatch/p/itm471c0855c0c44?pid=SMWGSVWZDVCRFH4C&lid=LSTSMWGSVWZDVCRFH4CFR3RV3&marketplace=FLIPKART&q=boult+smartwatches&store=ajy%2Fbuh&srno=s_1_21&otracker=search&otracker1=search&fm=organic&iid=en_Ouym4PDHyhJXdweNrO5lcs1CaQusOdw8fRw95Dbs8XmY2rwzw7gkhlmYtXqIc41okEOherx1Ukl2Bb0nMVE8skKsf8s6I2Oz2HOgbXTo_9U%3D&ppt=None&ppn=None&ssid=9v2kfg0npc0000001744461364589&qH=b4f68f830feeb2e3,https://rukminim2.flixcart.com/image/416/416/xif0q/smartwatch/h/0/t/-original-imagxp8vawtgnhyf.jpeg?q=70&crop=false
"Boult Drift Pro Smartwatch 1.78'' AMOLED HD Screen, BT Calling 5.1, 800 Nits Brightness, IP67, 150+ Watchfaces, 120+ Sports Modes, AI Voice Assistant, SpO2 Monitoring (Blue)","₹1,599.",https://www.amazon.in/Boult-Drift-Pro-Smartwatch-Brightness/dp/B0C1ZNJ81S/ref=sr_1_48?dib=eyJ2IjoiMSJ9.sy1Kd5xRKmooWsWTFBI8R73iMe3oUMAsfltpSthFuWx3_2WBP_AEPHbp0jNrwbJxHS8OFaOpHJ5kTM0QuBTox954P8_-Qc3xjPhdIwSvGXi-A3IVUF_Y74GTTQVWApz7sa2bc6pynz7IEHGse8SS9SRqXv04MFaibpVClXh8eWMDlrEG0edzxlVdaHVbqD4lO2WWLTnPbrFoySuhroEyizuXSd-OctViPgc4EtSQAQc.cScX-zx_Zw54gDXJvpqoyMgWMVw3wUSBevL5O1bcPMo&dib_tag=se&keywords=boult+fastrack+smartwatch&nsdOptOutParam=true&qid=1744386289&sr=8-48&xpid=mRycgeE0S08ug,https://m.media-amazon.com/images/I/41jPGvGT8KL._SX300_SY300_QL70_ML2_.jpg,"Boult Drift+ Bluetooth Calling, 1.85"" HD, 500 Nits Brightness, 150+ Watchfaces, SpO2 Smartwatch  (Snow Leather Strap, Free Size)","₹1,099",https://www.flipkart.com/boult-drift-bluetooth-calling-1-85-hd-500-nits-brightness-150-watchfaces-spo2-smartwatch/p/itme7b66e7e9ec39?pid=SMWGMH4JCHJHHEEU&lid=LSTSMWGMH4JCHJHHEEUHY4QIJ&marketplace=FLIPKART&q=boult+smartwatches&store=ajy%2Fbuh&srno=s_1_20&otracker=search&otracker1=search&fm=organic&iid=4369ed2e-e735-46e2-a022-9d98c189b6ca.SMWGMH4JCHJHHEEU.SEARCH&ppt=None&ppn=None&ssid=9v2kfg0npc0000001744461364589&qH=b4f68f830feeb2e3,https://rukminim2.flixcart.com/image/416/416/xif0q/smartwatch/s/j/a/-original-imagz952pdgkgzsq.jpeg?q=70&crop=false
"Boult Drift Pro Smartwatch 1.78'' AMOLED HD Screen, BT Calling 5.1, 800 Nits Brightness, IP67, 150+ Watchfaces, 120+ Sports Modes, AI Voice Assistant, SpO2 Monitoring (Blue)","₹1,599.",https://www.amazon.in/Boult-Drift-Pro-Smartwatch-Brightness/dp/B0C1ZNJ81S/ref=sr_1_54?dib=eyJ2IjoiMSJ9.BSm7GILmPUlWFZqpygzr8sWlO2-vuVqql-ztbOzPwiqtKyXpjddFoin8w302Gfgrz3xnTZrgpLzUtjrrNYOPRLrnkbOg0bv9XmnVPv-NzcqHoy1S-R8LJsRuKh8Oerhbfotd7TiwE7YXfnMtK1zHiocQUSVpG_YMIFdGhy8DodYZ-GIdrxadc8wQ2vAoSvfZ6vaPZeQLEnunmZXe2zA3eItxxYC3CV06Rh9vIJIwGg8.W0Ef-nfi7E2QxPhHTLQ4hutEj93tSp1n5eq3chNCJWQ&dib_tag=se&keywords=boult+fastrack+smartwatch&nsdOptOutParam=true&qid=1744386473&sr=8-54&xpid=mRycgeE0S08ug,https://m.media-amazon.com/images/I/41jPGvGT8KL._SX300_SY300_QL70_ML2_.jpg,"Boult Drift+ Bluetooth Calling, 1.85"" HD, 500 Nits Brightness, 150+ Watchfaces, SpO2 Smartwatch  (Snow Leather Strap, Free Size)","₹1,099",https://www.flipkart.com/boult-drift-bluetooth-calling-1-85-hd-500-nits-brightness-150-watchfaces-spo2-smartwatch/p/itme7b66e7e9ec39?pid=SMWGMH4JCHJHHEEU&lid=LSTSMWGMH4JCHJHHEEUHY4QIJ&marketplace=FLIPKART&q=boult+smartwatches&store=ajy%2Fbuh&srno=s_1_20&otracker=search&otracker1=search&fm=organic&iid=4369ed2e-e735-46e2-a022-9d98c189b6ca.SMWGMH4JCHJHHEEU.SEARCH&ppt=None&ppn=None&ssid=9v2kfg0npc0000001744461364589&qH=b4f68f830feeb2e3,https://rukminim2.flixcart.com/image/416/416/xif0q/smartwatch/s/j/a/-original-imagz952pdgkgzsq.jpeg?q=70&crop=false
"Boult Mirage Smart Watch 1.39''HD Screen, Bluetooth Calling, IP67, Zinc Alloy Frame, 500 Nits Brightness, AI Voice Assistant, SpO2 Monitoring, 120+ Sports Mode (Inox Steel)","₹1,799.",https://www.amazon.in/Boult-Bluetooth-Brightness-Assistant-Monitoring/dp/B0DM5S9ZW4/ref=sr_1_58?dib=eyJ2IjoiMSJ9.BSm7GILmPUlWFZqpygzr8sWlO2-vuVqql-ztbOzPwiqtKyXpjddFoin8w302Gfgrz3xnTZrgpLzUtjrrNYOPRLrnkbOg0bv9XmnVPv-NzcqHoy1S-R8LJsRuKh8Oerhbfotd7TiwE7YXfnMtK1zHiocQUSVpG_YMIFdGhy8DodYZ-GIdrxadc8wQ2vAoSvfZ6vaPZeQLEnunmZXe2zA3eItxxYC3CV06Rh9vIJIwGg8.W0Ef-nfi7E2QxPhHTLQ4hutEj93tSp1n5eq3chNCJWQ&dib_tag=se&keywords=boult+fastrack+smartwatch&nsdOptOutParam=true&qid=1744386473&sr=8-58&xpid=mRycgeE0S08ug,https://m.media-amazon.com/images/I/51QBpwKS7BL._SX300_SY300_QL70_ML2_.jpg,"Boult Drift+ Bluetooth Calling, 1.85"" HD, 500 Nits Brightness, 150+ Watchfaces, SpO2 Smartwatch  (Jet Black Strap, Free Size)","₹1,199",https://www.flipkart.com/boult-drift-bluetooth-calling-1-85-hd-500-nits-brightness-150-watchfaces-spo2-smartwatch/p/itm9aab07df7f268?pid=SMWGMH4JA69PG4TF&lid=LSTSMWGMH4JA69PG4TF75UAZN&marketplace=FLIPKART&q=boult+smartwatches&store=ajy%2Fbuh&spotlightTagId=default_BestsellerId_ajy%2Fbuh&srno=s_1_19&otracker=search&otracker1=search&fm=organic&iid=4369ed2e-e735-46e2-a022-9d98c189b6ca.SMWGMH4JA69PG4TF.SEARCH&ppt=None&ppn=None&ssid=9v2kfg0npc0000001744461364589&qH=b4f68f830feeb2e3,https://rukminim2.flixcart.com/image/416/416/xif0q/smartwatch/e/e/p/-original-imah8mtwtmmxa47x.jpeg?q=70&crop=false
"Noise Vortex Plus 1.46 AMOLED Display, AoD, BT Calling, Sleek Metal Finish, 7 Days Battery Life, All New OS with 100+ Watch Faces & Health Suite (Black)","₹1,999.",https://www.amazon.in/Noise-Launched-Display-Calling-Battery/dp/B0CG1Y3336/ref=sr_1_74?dib=eyJ2IjoiMSJ9.3gwk4I_sCX5pOVvmm6nBml6IhtfxwPm8iY3-e7KkfgBgSfwDT5oi5IXvijmmUlsatlxln4jV-nNhrFS7ukD4JLEAMbV0iEqeEzWpRqh7xp8ETzLw2TE8o24z1AOO_DC-S8tp8pTYSMpnd-MVmwDcSxa1tg1Xhu66u2L_JcmwIqU8N7Kz9UljwRrGTUi6M_xmqb5NLvQq3OXTV2_bWIgnYApuVWBEJTo3oIvuuAefg0w.lPBrg2YxueR0W4qWB9sqvoeazEk1GfIjGPnMxck0nQQ&dib_tag=se&keywords=boult+fastrack+smartwatch&nsdOptOutParam=true&qid=1744386604&sr=8-74&xpid=mRycgeE0S08ug,https://m.media-amazon.com/images/I/41mDUs4Xz3L._SX300_SY300_QL70_ML2_.jpg,"Noise Vortex Plus, 1.46'' AMOLED Display, BT Calling, Sleek Metal Finish Smartwatch  (Jet Black Strap, Regular)","₹1,999",https://www.flipkart.com/noise-vortex-plus-1-46-amoled-display-bt-calling-sleek-metal-finish-smartwatch/p/itmcd99ecd6c3260?pid=SMWH889N6PDHQGDF&lid=LSTSMWH889N6PDHQGDFRO6R2T&marketplace=FLIPKART&q=fastrack+smartwatches&store=ajy%2Fbuh&srno=s_1_27&otracker=search&otracker1=search&fm=organic&iid=en_udDkUuPmfA5o28fwrj90SpVj1SM7zP-42SCOwfh_nHejEIsLeo9-KbfFfGlxpKJmsO5c-dxGtlXJLXl1PV1RmonfEY2D5bWfIUmTlXs_oiU%3D&ppt=None&ppn=None&ssid=ugxkddcdow0000001744461107695&qH=5ee8669593272364,https://rukminim2.flixcart.com/image/416/416/xif0q/smartwatch/d/d/6/38-5-noise-23-android-ios-bmjncj-enterprise-yes-original-imah2fkhfe4jgcvr.jpeg?q=70&crop=false
"Boult Drift Pro Smartwatch 1.78'' AMOLED HD Screen, BT Calling 5.1, 800 Nits Brightness, IP67, 150+ Watchfaces, 120+ Sports Modes, AI Voice Assistant, SpO2 Monitoring (Cream)","₹1,599.",https://www.amazon.in/Boult-Drift-Pro-Smartwatch-Brightness/dp/B0C1ZNWB1L/ref=sr_1_77?dib=eyJ2IjoiMSJ9.3gwk4I_sCX5pOVvmm6nBml6IhtfxwPm8iY3-e7KkfgBgSfwDT5oi5IXvijmmUlsatlxln4jV-nNhrFS7ukD4JLEAMbV0iEqeEzWpRqh7xp8ETzLw2TE8o24z1AOO_DC-S8tp8pTYSMpnd-MVmwDcSxa1tg1Xhu66u2L_JcmwIqU8N7Kz9UljwRrGTUi6M_xmqb5NLvQq3OXTV2_bWIgnYApuVWBEJTo3oIvuuAefg0w.lPBrg2YxueR0W4qWB9sqvoeazEk1GfIjGPnMxck0nQQ&dib_tag=se&keywords=boult+fastrack+smartwatch&nsdOptOutParam=true&qid=1744386604&sr=8-77&xpid=mRycgeE0S08ug,https://m.media-amazon.com/images/I/41BJcgBNl2L._SX300_SY300_QL70_ML2_.jpg,"Boult Drift+ Bluetooth Calling, 1.85"" HD, 500 Nits Brightness, 150+ Watchfaces, SpO2 Smartwatch  (Snow Leather Strap, Free Size)","₹1,099",https://www.flipkart.com/boult-drift-bluetooth-calling-1-85-hd-500-nits-brightness-150-watchfaces-spo2-smartwatch/p/itme7b66e7e9ec39?pid=SMWGMH4JCHJHHEEU&lid=LSTSMWGMH4JCHJHHEEUHY4QIJ&marketplace=FLIPKART&q=boult+smartwatches&store=ajy%2Fbuh&srno=s_1_20&otracker=search&otracker1=search&fm=organic&iid=4369ed2e-e735-46e2-a022-9d98c189b6ca.SMWGMH4JCHJHHEEU.SEARCH&ppt=None&ppn=None&ssid=9v2kfg0npc0000001744461364589&qH=b4f68f830feeb2e3,https://rukminim2.flixcart.com/image/416/416/xif0q/smartwatch/s/j/a/-original-imagz952pdgkgzsq.jpeg?q=70&crop=false
"NoiseFit Halo 1.43"" AMOLED Display, Bluetooth Calling Round Dial Smart Watch, Premium Metallic Build, Always on Display, Smart Gesture Control, 100 Sports Modes (Vintage Brown)","₹2,999.",https://www.amazon.in/NoiseFit-Display-Bluetooth-Calling-Metallic/dp/B0BN1ZG1QZ/ref=sr_1_79?dib=eyJ2IjoiMSJ9.3gwk4I_sCX5pOVvmm6nBml6IhtfxwPm8iY3-e7KkfgBgSfwDT5oi5IXvijmmUlsatlxln4jV-nNhrFS7ukD4JLEAMbV0iEqeEzWpRqh7xp8ETzLw2TE8o24z1AOO_DC-S8tp8pTYSMpnd-MVmwDcSxa1tg1Xhu66u2L_JcmwIqU8N7Kz9UljwRrGTUi6M_xmqb5NLvQq3OXTV2_bWIgnYApuVWBEJTo3oIvuuAefg0w.lPBrg2YxueR0W4qWB9sqvoeazEk1GfIjGPnMxck0nQQ&dib_tag=se&keywords=boult+fastrack+smartwatch&nsdOptOutParam=true&qid=1744386604&sr=8-79&xpid=mRycgeE0S08ug,https://m.media-amazon.com/images/I/418VOtv59lL._SX300_SY300_QL70_ML2_.jpg,"Noise Twist Go 1.39'' Display, Bluetooth Calling, Metallic Finish, 100 Sports Modes Smartwatch  (Rose Pink Strap, Regular)","₹1,399",https://www.flipkart.com/noise-twist-go-1-39-display-bluetooth-calling-metallic-finish-100-sports-modes-smartwatch/p/itm181ec812236fc?pid=SMWH889PBS7E5RPA&lid=LSTSMWH889PBS7E5RPAJVWXC5&marketplace=FLIPKART&q=fastrack+smartwatches&store=ajy%2Fbuh&srno=s_1_11&otracker=search&otracker1=search&fm=organic&iid=en_udDkUuPmfA5o28fwrj90SpVj1SM7zP-42SCOwfh_nHcp1jhRaW3at8540ICx0PGveAuS20ERwd4ybLK6Qai9sU4IsYyWu-Pj9cxFjFAoaLk%3D&ppt=None&ppn=None&ssid=ugxkddcdow0000001744461107695&qH=5ee8669593272364,https://rukminim2.flixcart.com/image/416/416/xif0q/smartwatch/q/t/b/35-306-wrb-sw-twistgo-std-gld-pnk-android-ios-noise-yes-original-imah889pdgvzc2my.jpeg?q=70&crop=false
